226.6,0.047,3.4,11890,50,0.32,ChargerLaptopDanHP
226.6,0.047,3.4,11890,50,0.32,ChargerLaptopDanHP
226.6,0.047,3.4,11890,50,0.32,ChargerLaptopDanHP
226.6,0.047,3.4,11890,50,0.32,ChargerLaptopDanHP
226.6,0.047,3.4,11890,50,0.32,ChargerLaptopDanHP
226.6,0.047,3.4,11890,50,0.32,ChargerLaptopDanHP
226.6,0.047,3.4,11890,50,0.32,ChargerLaptopDanHP
226.6,0.047,3.4,11890,50,0.32,ChargerLaptopDanHP
226.6,0.047,3.4,11890,50,0.32,ChargerLaptopDanHP
226.6,0.047,3.4,11890,50,0.32,ChargerLaptopDanHP
226.6,0.047,6.1,11890,50,0.57,ChargerLaptopDanHP
226.6,0.047,6.1,11890,50,0.57,ChargerLaptopDanHP
226.2,0.057,6.1,11890,50,0.47,ChargerLaptopDanHP
226.2,0.057,6.1,11890,50,0.47,ChargerLaptopDanHP
226.2,0.057,6.1,11890,50,0.47,ChargerLaptopDanHP
226.2,0.057,6.1,11890,50,0.47,ChargerLaptopDanHP
226.2,0.057,6.1,11890,50,0.47,ChargerLaptopDanHP
226.2,0.057,6.1,11890,50,0.47,ChargerLaptopDanHP
226.2,0.057,6.1,11890,50,0.47,ChargerLaptopDanHP
226.2,0.057,6.1,11890,50,0.47,ChargerLaptopDanHP
226.2,0.057,6.1,11890,50,0.47,ChargerLaptopDanHP
226.2,0.057,6.1,11890,50,0.47,ChargerLaptopDanHP
226.1,0.202,17.4,11890,50,0.38,ChargerLaptopDanHP
226.1,0.202,17.4,11890,50,0.38,ChargerLaptopDanHP
226.1,0.202,17.4,11890,50,0.38,ChargerLaptopDanHP
226.1,0.202,17.4,11890,50,0.38,ChargerLaptopDanHP
226.1,0.202,17.4,11890,50,0.38,ChargerLaptopDanHP
226.1,0.202,17.4,11890,50,0.38,ChargerLaptopDanHP
226.1,0.202,17.4,11890,50,0.38,ChargerLaptopDanHP
226.1,0.202,17.4,11890,50,0.38,ChargerLaptopDanHP
226.1,0.202,17.4,11890,50,0.38,ChargerLaptopDanHP
226.1,0.202,17.4,11890,50,0.38,ChargerLaptopDanHP
226,0.362,42.7,11890,50,0.52,ChargerLaptopDanHP
226,0.362,42.7,11890,50,0.52,ChargerLaptopDanHP
226,0.362,42.7,11890,50,0.52,ChargerLaptopDanHP
226,0.362,42.7,11890,50,0.52,ChargerLaptopDanHP
226,0.362,42.7,11890,50,0.52,ChargerLaptopDanHP
226,0.362,42.7,11890,50,0.52,ChargerLaptopDanHP
226,0.362,42.7,11890,50,0.52,ChargerLaptopDanHP
226,0.362,42.7,11890,50,0.52,ChargerLaptopDanHP
226,0.362,42.7,11890,50,0.52,ChargerLaptopDanHP
226,0.362,42.7,11890,50,0.52,ChargerLaptopDanHP
226.3,0.372,43.8,11890,50,0.52,ChargerLaptopDanHP
226.3,0.372,43.8,11890,50,0.52,ChargerLaptopDanHP
226.3,0.372,43.8,11890,50,0.52,ChargerLaptopDanHP
226.3,0.372,43.8,11890,50,0.52,ChargerLaptopDanHP
226.3,0.372,43.8,11890,50,0.52,ChargerLaptopDanHP
226.3,0.372,43.8,11890,50,0.52,ChargerLaptopDanHP
226.3,0.372,43.8,11890,50,0.52,ChargerLaptopDanHP
226.3,0.372,43.8,11890,50,0.52,ChargerLaptopDanHP
226.3,0.372,43.8,11890,50,0.52,ChargerLaptopDanHP
226.3,0.372,43.8,11890,50,0.52,ChargerLaptopDanHP
226,0.614,78.1,11890,50,0.56,ChargerLaptopDanHP
226,0.614,78.1,11890,50,0.56,ChargerLaptopDanHP
226,0.614,78.1,11890,50,0.56,ChargerLaptopDanHP
226,0.614,78.1,11890,50,0.56,ChargerLaptopDanHP
226,0.614,78.1,11890,50,0.56,ChargerLaptopDanHP
226,0.614,78.1,11890,50,0.56,ChargerLaptopDanHP
226,0.614,78.1,11890,50,0.56,ChargerLaptopDanHP
226,0.614,78.1,11890,50,0.56,ChargerLaptopDanHP
226,0.614,78.1,11890,50,0.56,ChargerLaptopDanHP
226,0.614,78.1,11890,50,0.56,ChargerLaptopDanHP
226,0.614,78.1,11890,50,0.56,ChargerLaptopDanHP
225.8,0.645,83.3,11890,50,0.57,ChargerLaptopDanHP
225.8,0.645,83.3,11890,50,0.57,ChargerLaptopDanHP
225.8,0.645,83.3,11890,50,0.57,ChargerLaptopDanHP
225.8,0.645,83.3,11890,50,0.57,ChargerLaptopDanHP
225.8,0.645,83.3,11890,50,0.57,ChargerLaptopDanHP
225.8,0.645,83.3,11890,50,0.57,ChargerLaptopDanHP
225.8,0.645,83.3,11890,50,0.57,ChargerLaptopDanHP
225.8,0.645,83.3,11890,50,0.57,ChargerLaptopDanHP
225.8,0.645,83.3,11890,50,0.57,ChargerLaptopDanHP
225.8,0.645,83.3,11890,50,0.57,ChargerLaptopDanHP
225.7,0.594,75.3,11890,50,0.56,ChargerLaptopDanHP
225.7,0.594,75.3,11890,50,0.56,ChargerLaptopDanHP
225.7,0.594,75.3,11890,50,0.56,ChargerLaptopDanHP
225.7,0.594,75.3,11890,50,0.56,ChargerLaptopDanHP
225.7,0.594,75.3,11890,50,0.56,ChargerLaptopDanHP
225.7,0.594,75.3,11890,50,0.56,ChargerLaptopDanHP
225.7,0.594,75.3,11890,50,0.56,ChargerLaptopDanHP
225.7,0.594,75.3,11890,50,0.56,ChargerLaptopDanHP
225.7,0.594,75.3,11890,50,0.56,ChargerLaptopDanHP
225.7,0.594,75.3,11890,50,0.56,ChargerLaptopDanHP
225.7,0.612,77.7,11890,50,0.56,ChargerLaptopDanHP
225.7,0.612,77.7,11890,50,0.56,ChargerLaptopDanHP
225.7,0.612,77.7,11890,50,0.56,ChargerLaptopDanHP
225.7,0.612,77.7,11890,50,0.56,ChargerLaptopDanHP
225.7,0.612,77.7,11890,50,0.56,ChargerLaptopDanHP
225.7,0.612,77.7,11890,50,0.56,ChargerLaptopDanHP
225.7,0.612,77.7,11890,50,0.56,ChargerLaptopDanHP
225.7,0.612,77.7,11890,50,0.56,ChargerLaptopDanHP
225.7,0.612,77.7,11890,50,0.56,ChargerLaptopDanHP
225.7,0.612,77.7,11890,50,0.56,ChargerLaptopDanHP
226.3,0.596,75.8,11890,50,0.56,ChargerLaptopDanHP
226.3,0.596,75.8,11890,50,0.56,ChargerLaptopDanHP
226.3,0.596,75.8,11890,50,0.56,ChargerLaptopDanHP
226.3,0.596,75.8,11890,50,0.56,ChargerLaptopDanHP
226.3,0.596,75.8,11890,50,0.56,ChargerLaptopDanHP
226.3,0.596,75.8,11890,50,0.56,ChargerLaptopDanHP
226.3,0.596,75.8,11890,50,0.56,ChargerLaptopDanHP
226.3,0.596,75.8,11890,50,0.56,ChargerLaptopDanHP
226.3,0.596,75.8,11890,50,0.56,ChargerLaptopDanHP
226.3,0.596,75.8,11890,50,0.56,ChargerLaptopDanHP
226.3,0.596,75.8,11890,50,0.56,ChargerLaptopDanHP
226.3,0.596,75.8,11890,50,0.56,ChargerLaptopDanHP
225.9,0.614,77.8,11890,50,0.56,ChargerLaptopDanHP
225.9,0.614,77.8,11890,50,0.56,ChargerLaptopDanHP
225.9,0.614,77.8,11890,50,0.56,ChargerLaptopDanHP
225.9,0.614,77.8,11890,50,0.56,ChargerLaptopDanHP
225.9,0.614,77.8,11890,50,0.56,ChargerLaptopDanHP
225.9,0.614,77.8,11890,50,0.56,ChargerLaptopDanHP
225.9,0.614,77.8,11890,50,0.56,ChargerLaptopDanHP
225.9,0.614,77.8,11890,50,0.56,ChargerLaptopDanHP
225.9,0.614,77.8,11890,50,0.56,ChargerLaptopDanHP
225.9,0.614,77.8,11890,50,0.56,ChargerLaptopDanHP
225.7,0.651,83,11890,50,0.56,ChargerLaptopDanHP
225.7,0.651,83,11890,50,0.56,ChargerLaptopDanHP
225.7,0.651,83,11890,50,0.56,ChargerLaptopDanHP
225.7,0.651,83,11890,50,0.56,ChargerLaptopDanHP
225.7,0.651,83,11890,50,0.56,ChargerLaptopDanHP
225.7,0.651,83,11890,50,0.56,ChargerLaptopDanHP
225.7,0.651,83,11890,50,0.56,ChargerLaptopDanHP
225.7,0.651,83,11890,50,0.56,ChargerLaptopDanHP
225.7,0.651,83,11890,50,0.56,ChargerLaptopDanHP
225.7,0.651,83,11890,50,0.56,ChargerLaptopDanHP
225.6,0.651,83.2,11890,50,0.57,ChargerLaptopDanHP
225.6,0.651,83.2,11890,50,0.57,ChargerLaptopDanHP
225.6,0.651,83.2,11890,50,0.57,ChargerLaptopDanHP
225.6,0.651,83.2,11890,50,0.57,ChargerLaptopDanHP
225.6,0.651,83.2,11890,50,0.57,ChargerLaptopDanHP
225.6,0.651,83.2,11890,50,0.57,ChargerLaptopDanHP
225.6,0.651,83.2,11890,50,0.57,ChargerLaptopDanHP
225.6,0.651,83.2,11890,50,0.57,ChargerLaptopDanHP
225.6,0.651,83.2,11890,50,0.57,ChargerLaptopDanHP
225.6,0.651,83.2,11890,50,0.57,ChargerLaptopDanHP
225.7,0.659,84.9,11890,50,0.57,ChargerLaptopDanHP
225.7,0.659,84.9,11890,50,0.57,ChargerLaptopDanHP
225.7,0.659,84.9,11890,50,0.57,ChargerLaptopDanHP
225.7,0.659,84.9,11890,50,0.57,ChargerLaptopDanHP
225.7,0.659,84.9,11890,50,0.57,ChargerLaptopDanHP
225.7,0.659,84.9,11890,50,0.57,ChargerLaptopDanHP
225.7,0.659,84.9,11890,50,0.57,ChargerLaptopDanHP
225.7,0.659,84.9,11890,50,0.57,ChargerLaptopDanHP
225.7,0.659,84.9,11890,50,0.57,ChargerLaptopDanHP
225.7,0.659,84.9,11890,50,0.57,ChargerLaptopDanHP
225.7,0.659,84.9,11890,50,0.57,ChargerLaptopDanHP
225.7,0.659,84.9,11890,50,0.57,ChargerLaptopDanHP
225.9,0.634,80.4,11890,50,0.56,ChargerLaptopDanHP
225.9,0.634,80.4,11890,50,0.56,ChargerLaptopDanHP
225.9,0.634,80.4,11890,50,0.56,ChargerLaptopDanHP
225.9,0.634,80.4,11890,50,0.56,ChargerLaptopDanHP
225.9,0.634,80.4,11890,50,0.56,ChargerLaptopDanHP
225.9,0.634,80.4,11890,50,0.56,ChargerLaptopDanHP
225.9,0.634,80.4,11890,50,0.56,ChargerLaptopDanHP
225.9,0.634,80.4,11890,50,0.56,ChargerLaptopDanHP
225.9,0.634,80.4,11890,50,0.56,ChargerLaptopDanHP
225.9,0.634,80.4,11890,50,0.56,ChargerLaptopDanHP
225.7,0.623,79,11890,50,0.56,ChargerLaptopDanHP
225.7,0.623,79,11890,50,0.56,ChargerLaptopDanHP
225.7,0.623,79,11890,50,0.56,ChargerLaptopDanHP
225.7,0.623,79,11890,50,0.56,ChargerLaptopDanHP
225.7,0.623,79,11890,50,0.56,ChargerLaptopDanHP
225.7,0.623,79,11890,50,0.56,ChargerLaptopDanHP
225.7,0.623,79,11890,50,0.56,ChargerLaptopDanHP
225.7,0.623,79,11890,50,0.56,ChargerLaptopDanHP
225.7,0.623,79,11890,50,0.56,ChargerLaptopDanHP
225.7,0.623,79,11890,50,0.56,ChargerLaptopDanHP
225.5,0.605,76.1,11890,50,0.56,ChargerLaptopDanHP
225.5,0.605,76.1,11890,50,0.56,ChargerLaptopDanHP
225.5,0.605,76.1,11890,50,0.56,ChargerLaptopDanHP
225.5,0.605,76.1,11890,50,0.56,ChargerLaptopDanHP
225.5,0.605,76.1,11890,50,0.56,ChargerLaptopDanHP
225.5,0.605,76.1,11890,50,0.56,ChargerLaptopDanHP
225.5,0.605,76.1,11890,50,0.56,ChargerLaptopDanHP
225.5,0.605,76.1,11890,50,0.56,ChargerLaptopDanHP
225.5,0.605,76.1,11890,50,0.56,ChargerLaptopDanHP
225.7,0.621,79,11890,50,0.56,ChargerLaptopDanHP
225.7,0.621,79,11890,50,0.56,ChargerLaptopDanHP
225.7,0.621,79,11890,50,0.56,ChargerLaptopDanHP
225.7,0.621,79,11890,50,0.56,ChargerLaptopDanHP
225.7,0.621,79,11890,50,0.56,ChargerLaptopDanHP
225.7,0.621,79,11890,50,0.56,ChargerLaptopDanHP
225.7,0.621,79,11890,50,0.56,ChargerLaptopDanHP
225.7,0.621,79,11890,50,0.56,ChargerLaptopDanHP
225.7,0.621,79,11890,50,0.56,ChargerLaptopDanHP
225.7,0.621,79,11890,50,0.56,ChargerLaptopDanHP
225.7,0.607,76.2,11890,50,0.56,ChargerLaptopDanHP
225.7,0.607,76.2,11890,50,0.56,ChargerLaptopDanHP
225.7,0.607,76.2,11890,50,0.56,ChargerLaptopDanHP
225.7,0.607,76.2,11890,50,0.56,ChargerLaptopDanHP
225.7,0.607,76.2,11890,50,0.56,ChargerLaptopDanHP
225.7,0.607,76.2,11890,50,0.56,ChargerLaptopDanHP
225.7,0.607,76.2,11890,50,0.56,ChargerLaptopDanHP
225.7,0.607,76.2,11890,50,0.56,ChargerLaptopDanHP
225.7,0.607,76.2,11890,50,0.56,ChargerLaptopDanHP
225.7,0.607,76.2,11890,50,0.56,ChargerLaptopDanHP
225.7,0.607,76.2,11890,50,0.56,ChargerLaptopDanHP
225.7,0.607,76.2,11890,50,0.56,ChargerLaptopDanHP
225.7,0.606,76.2,11890,50,0.56,ChargerLaptopDanHP
225.7,0.606,76.2,11890,50,0.56,ChargerLaptopDanHP
225.7,0.606,76.2,11890,50,0.56,ChargerLaptopDanHP
225.7,0.606,76.2,11890,50,0.56,ChargerLaptopDanHP
225.7,0.606,76.2,11890,50,0.56,ChargerLaptopDanHP
225.7,0.606,76.2,11890,50,0.56,ChargerLaptopDanHP
225.7,0.606,76.2,11890,50,0.56,ChargerLaptopDanHP
225.7,0.606,76.2,11890,50,0.56,ChargerLaptopDanHP
225.7,0.606,76.2,11890,50,0.56,ChargerLaptopDanHP
225.7,0.606,76.2,11890,50,0.56,ChargerLaptopDanHP
225.8,0.599,74.9,11890,50,0.55,ChargerLaptopDanHP
225.8,0.599,74.9,11890,50,0.55,ChargerLaptopDanHP
225.8,0.599,74.9,11890,50,0.55,ChargerLaptopDanHP
225.8,0.599,74.9,11890,50,0.55,ChargerLaptopDanHP
225.8,0.599,74.9,11890,50,0.55,ChargerLaptopDanHP
225.8,0.599,74.9,11890,50,0.55,ChargerLaptopDanHP
225.8,0.599,74.9,11890,50,0.55,ChargerLaptopDanHP
225.8,0.599,74.9,11890,50,0.55,ChargerLaptopDanHP
225.8,0.599,74.9,11890,50,0.55,ChargerLaptopDanHP
225.8,0.599,74.9,11890,50,0.55,ChargerLaptopDanHP
225.6,0.592,73.7,11890,50,0.55,ChargerLaptopDanHP
225.6,0.592,73.7,11890,50,0.55,ChargerLaptopDanHP
225.6,0.592,73.7,11890,50,0.55,ChargerLaptopDanHP
225.6,0.592,73.7,11890,50,0.55,ChargerLaptopDanHP
225.6,0.592,73.7,11890,50,0.55,ChargerLaptopDanHP
225.6,0.592,73.7,11890,50,0.55,ChargerLaptopDanHP
225.6,0.592,73.7,11890,50,0.55,ChargerLaptopDanHP
225.6,0.592,73.7,11890,50,0.55,ChargerLaptopDanHP
225.6,0.592,73.7,11890,50,0.55,ChargerLaptopDanHP
225.6,0.592,73.7,11890,50,0.55,ChargerLaptopDanHP
225.5,0.61,76.3,11890,50,0.55,ChargerLaptopDanHP
225.5,0.61,76.3,11890,50,0.55,ChargerLaptopDanHP
225.5,0.61,76.3,11890,50,0.55,ChargerLaptopDanHP
225.5,0.61,76.3,11890,50,0.55,ChargerLaptopDanHP
225.5,0.61,76.3,11890,50,0.55,ChargerLaptopDanHP
225.5,0.61,76.3,11890,50,0.55,ChargerLaptopDanHP
225.5,0.61,76.3,11890,50,0.55,ChargerLaptopDanHP
225.5,0.61,76.3,11890,50,0.55,ChargerLaptopDanHP
225.5,0.61,76.3,11890,50,0.55,ChargerLaptopDanHP
225.5,0.61,76.3,11890,50,0.55,ChargerLaptopDanHP
225.5,0.61,76.3,11890,50,0.55,ChargerLaptopDanHP
225.5,0.65,82.7,11890,50,0.56,ChargerLaptopDanHP
225.5,0.65,82.7,11890,50,0.56,ChargerLaptopDanHP
225.5,0.65,82.7,11890,50,0.56,ChargerLaptopDanHP
225.5,0.65,82.7,11890,50,0.56,ChargerLaptopDanHP
225.5,0.65,82.7,11890,50,0.56,ChargerLaptopDanHP
225.5,0.65,82.7,11890,50,0.56,ChargerLaptopDanHP
225.5,0.65,82.7,11890,50,0.56,ChargerLaptopDanHP
225.5,0.65,82.7,11890,50,0.56,ChargerLaptopDanHP
225.5,0.65,82.7,11890,50,0.56,ChargerLaptopDanHP
225.5,0.65,82.7,11890,50,0.56,ChargerLaptopDanHP
225.6,0.61,76.5,11890,50,0.56,ChargerLaptopDanHP
225.6,0.61,76.5,11890,50,0.56,ChargerLaptopDanHP
225.6,0.61,76.5,11890,50,0.56,ChargerLaptopDanHP
225.6,0.61,76.5,11890,50,0.56,ChargerLaptopDanHP
225.6,0.61,76.5,11890,50,0.56,ChargerLaptopDanHP
225.6,0.61,76.5,11890,50,0.56,ChargerLaptopDanHP
225.6,0.61,76.5,11890,50,0.56,ChargerLaptopDanHP
225.6,0.61,76.5,11890,50,0.56,ChargerLaptopDanHP
225.6,0.61,76.5,11890,50,0.56,ChargerLaptopDanHP
225.6,0.61,76.5,11890,50,0.56,ChargerLaptopDanHP
225.7,0.598,74.7,11890,50,0.55,ChargerLaptopDanHP
225.7,0.598,74.7,11890,50,0.55,ChargerLaptopDanHP
225.7,0.598,74.7,11890,50,0.55,ChargerLaptopDanHP
225.7,0.598,74.7,11890,50,0.55,ChargerLaptopDanHP
225.7,0.598,74.7,11890,50,0.55,ChargerLaptopDanHP
225.7,0.598,74.7,11890,50,0.55,ChargerLaptopDanHP
225.7,0.598,74.7,11890,50,0.55,ChargerLaptopDanHP
225.7,0.598,74.7,11890,50,0.55,ChargerLaptopDanHP
225.7,0.598,74.7,11890,50,0.55,ChargerLaptopDanHP
225.7,0.598,74.7,11890,50,0.55,ChargerLaptopDanHP
226,0.61,76.2,11890,50,0.55,ChargerLaptopDanHP
226,0.61,76.2,11890,50,0.55,ChargerLaptopDanHP
226,0.61,76.2,11890,50,0.55,ChargerLaptopDanHP
226,0.61,76.2,11890,50,0.55,ChargerLaptopDanHP
226,0.61,76.2,11890,50,0.55,ChargerLaptopDanHP
226,0.61,76.2,11890,50,0.55,ChargerLaptopDanHP
226,0.61,76.2,11890,50,0.55,ChargerLaptopDanHP
226,0.61,76.2,11890,50,0.55,ChargerLaptopDanHP
226,0.61,76.2,11890,50,0.55,ChargerLaptopDanHP
226,0.61,76.2,11890,50,0.55,ChargerLaptopDanHP
226,0.61,76.2,11890,50,0.55,ChargerLaptopDanHP
226,0.61,76.2,11890,50,0.55,ChargerLaptopDanHP
225.9,0.598,75,11890,50,0.56,ChargerLaptopDanHP
225.9,0.598,75,11890,50,0.56,ChargerLaptopDanHP
225.9,0.598,75,11890,50,0.56,ChargerLaptopDanHP
225.9,0.598,75,11890,50,0.56,ChargerLaptopDanHP
225.9,0.598,75,11890,50,0.56,ChargerLaptopDanHP
225.9,0.598,75,11890,50,0.56,ChargerLaptopDanHP
225.9,0.598,75,11890,50,0.56,ChargerLaptopDanHP
225.9,0.598,75,11890,50,0.56,ChargerLaptopDanHP
225.9,0.598,75,11890,50,0.56,ChargerLaptopDanHP
225.9,0.598,75,11890,50,0.56,ChargerLaptopDanHP
225.5,0.603,74.7,11890,50,0.55,ChargerLaptopDanHP
225.5,0.603,74.7,11890,50,0.55,ChargerLaptopDanHP
225.5,0.603,74.7,11890,50,0.55,ChargerLaptopDanHP
225.5,0.603,74.7,11890,50,0.55,ChargerLaptopDanHP
225.5,0.603,74.7,11890,50,0.55,ChargerLaptopDanHP
225.5,0.603,74.7,11890,50,0.55,ChargerLaptopDanHP
225.5,0.603,74.7,11890,50,0.55,ChargerLaptopDanHP
225.5,0.603,74.7,11890,50,0.55,ChargerLaptopDanHP
225.5,0.603,74.7,11890,50,0.55,ChargerLaptopDanHP
225.6,0.613,76.9,11890,50,0.56,ChargerLaptopDanHP
225.6,0.613,76.9,11890,50,0.56,ChargerLaptopDanHP
225.6,0.613,76.9,11890,50,0.56,ChargerLaptopDanHP
225.6,0.613,76.9,11890,50,0.56,ChargerLaptopDanHP
225.6,0.613,76.9,11890,50,0.56,ChargerLaptopDanHP
225.6,0.613,76.9,11890,50,0.56,ChargerLaptopDanHP
225.6,0.613,76.9,11890,50,0.56,ChargerLaptopDanHP
225.6,0.613,76.9,11890,50,0.56,ChargerLaptopDanHP
225.6,0.613,76.9,11890,50,0.56,ChargerLaptopDanHP
225.6,0.613,76.9,11890,50,0.56,ChargerLaptopDanHP
225.6,0.621,78.3,11890,50,0.56,ChargerLaptopDanHP
225.6,0.621,78.3,11890,50,0.56,ChargerLaptopDanHP
225.6,0.621,78.3,11890,50,0.56,ChargerLaptopDanHP
225.6,0.621,78.3,11890,50,0.56,ChargerLaptopDanHP
225.6,0.621,78.3,11890,50,0.56,ChargerLaptopDanHP
225.6,0.621,78.3,11890,50,0.56,ChargerLaptopDanHP
225.6,0.621,78.3,11890,50,0.56,ChargerLaptopDanHP
225.6,0.621,78.3,11890,50,0.56,ChargerLaptopDanHP
225.6,0.621,78.3,11890,50,0.56,ChargerLaptopDanHP
225.6,0.621,78.3,11890,50,0.56,ChargerLaptopDanHP
225.6,0.621,76,11890,50,0.54,ChargerLaptopDanHP
225.6,0.621,76,11890,50,0.54,ChargerLaptopDanHP
225.6,0.608,76,11890,50,0.55,ChargerLaptopDanHP
225.6,0.608,76,11890,50,0.55,ChargerLaptopDanHP
225.6,0.608,76,11890,50,0.55,ChargerLaptopDanHP
225.6,0.608,76,11890,50,0.55,ChargerLaptopDanHP
225.6,0.608,76,11890,50,0.55,ChargerLaptopDanHP
225.6,0.608,76,11890,50,0.55,ChargerLaptopDanHP
225.6,0.608,76,11890,50,0.55,ChargerLaptopDanHP
225.6,0.608,76,11890,50,0.55,ChargerLaptopDanHP
225.6,0.608,76,11890,50,0.55,ChargerLaptopDanHP
225.6,0.608,76,11890,50,0.55,ChargerLaptopDanHP
225.7,0.608,76.1,11890,50,0.55,ChargerLaptopDanHP
225.7,0.608,76.1,11890,50,0.55,ChargerLaptopDanHP
225.7,0.608,76.1,11890,50,0.55,ChargerLaptopDanHP
225.7,0.608,76.1,11890,50,0.55,ChargerLaptopDanHP
225.7,0.608,76.1,11890,50,0.55,ChargerLaptopDanHP
225.7,0.608,76.1,11890,50,0.55,ChargerLaptopDanHP
225.7,0.608,76.1,11890,50,0.55,ChargerLaptopDanHP
225.7,0.608,76.1,11890,50,0.55,ChargerLaptopDanHP
225.7,0.608,76.1,11890,50,0.55,ChargerLaptopDanHP
225.7,0.608,76.1,11890,50,0.55,ChargerLaptopDanHP
225.6,0.598,74.7,11890,50,0.55,ChargerLaptopDanHP
225.6,0.598,74.7,11890,50,0.55,ChargerLaptopDanHP
225.6,0.598,74.7,11890,50,0.55,ChargerLaptopDanHP
225.6,0.598,74.7,11890,50,0.55,ChargerLaptopDanHP
225.6,0.598,74.7,11890,50,0.55,ChargerLaptopDanHP
225.6,0.598,74.7,11890,50,0.55,ChargerLaptopDanHP
225.6,0.598,74.7,11890,50,0.55,ChargerLaptopDanHP
225.6,0.598,74.7,11890,50,0.55,ChargerLaptopDanHP
225.6,0.598,74.7,11890,50,0.55,ChargerLaptopDanHP
225.6,0.598,74.7,11890,50,0.55,ChargerLaptopDanHP
225.7,0.596,74.2,11890,50,0.55,ChargerLaptopDanHP
225.7,0.596,74.2,11890,50,0.55,ChargerLaptopDanHP
225.7,0.596,74.2,11890,50,0.55,ChargerLaptopDanHP
225.7,0.596,74.2,11890,50,0.55,ChargerLaptopDanHP
225.7,0.596,74.2,11890,50,0.55,ChargerLaptopDanHP
225.7,0.596,74.2,11891,50,0.55,ChargerLaptopDanHP
225.7,0.596,74.2,11891,50,0.55,ChargerLaptopDanHP
225.7,0.596,74.2,11891,50,0.55,ChargerLaptopDanHP
225.7,0.596,74.2,11891,50,0.55,ChargerLaptopDanHP
225.7,0.596,74.2,11891,50,0.55,ChargerLaptopDanHP
225.7,0.613,76.4,11891,50,0.55,ChargerLaptopDanHP
225.7,0.613,76.4,11891,50,0.55,ChargerLaptopDanHP
225.7,0.613,76.4,11891,50,0.55,ChargerLaptopDanHP
225.7,0.613,76.4,11891,50,0.55,ChargerLaptopDanHP
225.7,0.613,76.4,11891,50,0.55,ChargerLaptopDanHP
225.7,0.613,76.4,11891,50,0.55,ChargerLaptopDanHP
225.7,0.613,76.4,11891,50,0.55,ChargerLaptopDanHP
225.7,0.613,76.4,11891,50,0.55,ChargerLaptopDanHP
225.7,0.613,76.4,11891,50,0.55,ChargerLaptopDanHP
225.7,0.613,76.4,11891,50,0.55,ChargerLaptopDanHP
225.7,0.613,76.4,11891,50,0.55,ChargerLaptopDanHP
225.7,0.613,76.4,11891,50,0.55,ChargerLaptopDanHP
225.8,0.611,76.3,11891,50,0.55,ChargerLaptopDanHP
225.8,0.611,76.3,11891,50,0.55,ChargerLaptopDanHP
225.8,0.611,76.3,11891,50,0.55,ChargerLaptopDanHP
225.8,0.611,76.3,11891,50,0.55,ChargerLaptopDanHP
225.8,0.611,76.3,11891,50,0.55,ChargerLaptopDanHP
225.8,0.611,76.3,11891,50,0.55,ChargerLaptopDanHP
225.8,0.611,76.3,11891,50,0.55,ChargerLaptopDanHP
225.8,0.611,76.3,11891,50,0.55,ChargerLaptopDanHP
225.8,0.611,76.3,11891,50,0.55,ChargerLaptopDanHP
225.8,0.611,76.3,11891,50,0.55,ChargerLaptopDanHP
225.8,0.605,75.5,11891,50,0.55,ChargerLaptopDanHP
225.8,0.605,75.5,11891,50,0.55,ChargerLaptopDanHP
225.8,0.605,75.5,11891,50,0.55,ChargerLaptopDanHP
225.8,0.605,75.5,11891,50,0.55,ChargerLaptopDanHP
225.8,0.605,75.5,11891,50,0.55,ChargerLaptopDanHP
225.8,0.605,75.5,11891,50,0.55,ChargerLaptopDanHP
225.8,0.605,75.5,11891,50,0.55,ChargerLaptopDanHP
225.8,0.605,75.5,11891,50,0.55,ChargerLaptopDanHP
225.8,0.605,75.5,11891,50,0.55,ChargerLaptopDanHP
225.8,0.605,75.5,11891,50,0.55,ChargerLaptopDanHP
225.6,0.605,75.4,11891,50,0.55,ChargerLaptopDanHP
225.6,0.605,75.4,11891,50,0.55,ChargerLaptopDanHP
225.6,0.605,75.4,11891,50,0.55,ChargerLaptopDanHP
225.6,0.605,75.4,11891,50,0.55,ChargerLaptopDanHP
225.6,0.605,75.4,11891,50,0.55,ChargerLaptopDanHP
225.6,0.605,75.4,11891,50,0.55,ChargerLaptopDanHP
225.6,0.605,75.4,11891,50,0.55,ChargerLaptopDanHP
225.6,0.605,75.4,11891,50,0.55,ChargerLaptopDanHP
225.6,0.605,75.4,11891,50,0.55,ChargerLaptopDanHP
225.5,0.607,75.7,11891,50,0.55,ChargerLaptopDanHP
225.5,0.607,75.7,11891,50,0.55,ChargerLaptopDanHP
225.5,0.607,75.7,11891,50,0.55,ChargerLaptopDanHP
225.5,0.607,75.7,11891,50,0.55,ChargerLaptopDanHP
225.5,0.607,75.7,11891,50,0.55,ChargerLaptopDanHP
225.5,0.607,75.7,11891,50,0.55,ChargerLaptopDanHP
225.5,0.607,75.7,11891,50,0.55,ChargerLaptopDanHP
225.5,0.607,75.7,11891,50,0.55,ChargerLaptopDanHP
225.5,0.607,75.7,11891,50,0.55,ChargerLaptopDanHP
225.5,0.607,75.7,11891,50,0.55,ChargerLaptopDanHP
225.5,0.607,75.7,11891,50,0.55,ChargerLaptopDanHP
225.5,0.607,75.7,11891,50,0.55,ChargerLaptopDanHP
225.6,0.499,60.6,11891,50,0.54,ChargerLaptopDanHP
225.6,0.499,60.6,11891,50,0.54,ChargerLaptopDanHP
225.6,0.499,60.6,11891,50,0.54,ChargerLaptopDanHP
225.6,0.499,60.6,11891,50,0.54,ChargerLaptopDanHP
225.6,0.499,60.6,11891,50,0.54,ChargerLaptopDanHP
225.6,0.499,60.6,11891,50,0.54,ChargerLaptopDanHP
225.6,0.499,60.6,11891,50,0.54,ChargerLaptopDanHP
225.6,0.499,60.6,11891,50,0.54,ChargerLaptopDanHP
225.6,0.499,60.6,11891,50,0.54,ChargerLaptopDanHP
225.6,0.499,60.6,11891,50,0.54,ChargerLaptopDanHP
225.6,0.468,56.2,11891,50,0.53,ChargerLaptopDanHP
225.6,0.468,56.2,11891,50,0.53,ChargerLaptopDanHP
225.6,0.468,56.2,11891,50,0.53,ChargerLaptopDanHP
225.6,0.468,56.2,11891,50,0.53,ChargerLaptopDanHP
225.6,0.468,56.2,11891,50,0.53,ChargerLaptopDanHP
225.6,0.468,56.2,11891,50,0.53,ChargerLaptopDanHP
225.6,0.468,56.2,11891,50,0.53,ChargerLaptopDanHP
225.6,0.468,56.2,11891,50,0.53,ChargerLaptopDanHP
225.6,0.468,56.2,11891,50,0.53,ChargerLaptopDanHP
225.6,0.468,56.2,11891,50,0.53,ChargerLaptopDanHP
225.5,0.481,57.6,11891,50,0.53,ChargerLaptopDanHP
225.5,0.481,57.6,11891,50,0.53,ChargerLaptopDanHP
225.5,0.481,57.6,11891,50,0.53,ChargerLaptopDanHP
225.5,0.481,57.6,11891,50,0.53,ChargerLaptopDanHP
225.5,0.481,57.6,11891,50,0.53,ChargerLaptopDanHP
225.5,0.481,57.6,11891,50,0.53,ChargerLaptopDanHP
225.5,0.481,57.6,11891,50,0.53,ChargerLaptopDanHP
225.5,0.481,57.6,11891,50,0.53,ChargerLaptopDanHP
225.5,0.481,57.6,11891,50,0.53,ChargerLaptopDanHP
225.5,0.481,57.6,11891,50,0.53,ChargerLaptopDanHP
225.6,0.488,57.9,11891,50,0.53,ChargerLaptopDanHP
225.6,0.488,57.9,11891,50,0.53,ChargerLaptopDanHP
225.6,0.488,57.9,11891,50,0.53,ChargerLaptopDanHP
225.6,0.488,57.9,11891,50,0.53,ChargerLaptopDanHP
225.6,0.488,57.9,11891,50,0.53,ChargerLaptopDanHP
225.6,0.488,57.9,11891,50,0.53,ChargerLaptopDanHP
225.6,0.488,57.9,11891,50,0.53,ChargerLaptopDanHP
225.6,0.488,57.9,11891,50,0.53,ChargerLaptopDanHP
225.6,0.488,57.9,11891,50,0.53,ChargerLaptopDanHP
225.6,0.488,57.9,11891,50,0.53,ChargerLaptopDanHP
225.6,0.488,57.9,11891,50,0.53,ChargerLaptopDanHP
225.6,0.487,58.2,11891,50,0.53,ChargerLaptopDanHP
225.6,0.487,58.2,11891,50,0.53,ChargerLaptopDanHP
225.6,0.487,58.2,11891,50,0.53,ChargerLaptopDanHP
225.6,0.487,58.2,11891,50,0.53,ChargerLaptopDanHP
225.6,0.487,58.2,11891,50,0.53,ChargerLaptopDanHP
225.6,0.487,58.2,11891,50,0.53,ChargerLaptopDanHP
225.6,0.487,58.2,11891,50,0.53,ChargerLaptopDanHP
225.6,0.487,58.2,11891,50,0.53,ChargerLaptopDanHP
225.6,0.487,58.2,11891,50,0.53,ChargerLaptopDanHP
225.6,0.487,58.2,11891,50,0.53,ChargerLaptopDanHP
225.7,0.486,58.2,11891,50,0.53,ChargerLaptopDanHP
225.7,0.486,58.2,11891,50,0.53,ChargerLaptopDanHP
225.7,0.486,58.2,11891,50,0.53,ChargerLaptopDanHP
225.7,0.486,58.2,11891,50,0.53,ChargerLaptopDanHP
225.7,0.486,58.2,11891,50,0.53,ChargerLaptopDanHP
225.7,0.486,58.2,11891,50,0.53,ChargerLaptopDanHP
225.7,0.486,58.2,11891,50,0.53,ChargerLaptopDanHP
225.7,0.486,58.2,11891,50,0.53,ChargerLaptopDanHP
225.7,0.486,58.2,11891,50,0.53,ChargerLaptopDanHP
225.7,0.486,58.2,11891,50,0.53,ChargerLaptopDanHP
225.9,0.484,57.9,11891,50,0.53,ChargerLaptopDanHP
225.9,0.484,57.9,11891,50,0.53,ChargerLaptopDanHP
225.9,0.484,57.9,11891,50,0.53,ChargerLaptopDanHP
225.9,0.484,57.9,11891,50,0.53,ChargerLaptopDanHP
225.9,0.484,57.9,11891,50,0.53,ChargerLaptopDanHP
225.9,0.484,57.9,11891,50,0.53,ChargerLaptopDanHP
225.9,0.484,57.9,11891,50,0.53,ChargerLaptopDanHP
225.9,0.484,57.9,11891,50,0.53,ChargerLaptopDanHP
225.9,0.484,57.9,11891,50,0.53,ChargerLaptopDanHP
225.9,0.484,57.9,11891,50,0.53,ChargerLaptopDanHP
226,0.479,57.6,11891,50,0.53,ChargerLaptopDanHP
226,0.479,57.6,11891,50,0.53,ChargerLaptopDanHP
226,0.479,57.6,11891,50,0.53,ChargerLaptopDanHP
226,0.479,57.6,11891,50,0.53,ChargerLaptopDanHP
226,0.479,57.6,11891,50,0.53,ChargerLaptopDanHP
226,0.479,57.6,11891,50,0.53,ChargerLaptopDanHP
226,0.479,57.6,11891,50,0.53,ChargerLaptopDanHP
226,0.479,57.6,11891,50,0.53,ChargerLaptopDanHP
226,0.479,57.6,11891,50,0.53,ChargerLaptopDanHP
226,0.479,57.6,11891,50,0.53,ChargerLaptopDanHP
225.7,0.485,58.3,11891,50,0.53,ChargerLaptopDanHP
225.7,0.485,58.3,11891,50,0.53,ChargerLaptopDanHP
225.7,0.485,58.3,11891,50,0.53,ChargerLaptopDanHP
225.7,0.485,58.3,11891,50,0.53,ChargerLaptopDanHP
225.7,0.485,58.3,11891,50,0.53,ChargerLaptopDanHP
225.7,0.485,58.3,11891,50,0.53,ChargerLaptopDanHP
225.7,0.485,58.3,11891,50,0.53,ChargerLaptopDanHP
225.7,0.485,58.3,11891,50,0.53,ChargerLaptopDanHP
225.7,0.485,58.3,11891,50,0.53,ChargerLaptopDanHP
225.7,0.485,58.3,11891,50,0.53,ChargerLaptopDanHP
225.7,0.485,58.3,11891,50,0.53,ChargerLaptopDanHP
225.7,0.485,58.3,11891,50,0.53,ChargerLaptopDanHP
225.6,0.491,58.6,11891,50,0.53,ChargerLaptopDanHP
225.6,0.491,58.6,11891,50,0.53,ChargerLaptopDanHP
225.6,0.491,58.6,11891,50,0.53,ChargerLaptopDanHP
225.6,0.491,58.6,11891,50,0.53,ChargerLaptopDanHP
225.6,0.491,58.6,11891,50,0.53,ChargerLaptopDanHP
225.6,0.491,58.6,11891,50,0.53,ChargerLaptopDanHP
225.6,0.491,58.6,11891,50,0.53,ChargerLaptopDanHP
225.6,0.491,58.6,11891,50,0.53,ChargerLaptopDanHP
225.6,0.491,58.6,11891,50,0.53,ChargerLaptopDanHP
225.6,0.491,58.6,11891,50,0.53,ChargerLaptopDanHP
225.8,0.543,66.8,11891,50,0.54,ChargerLaptopDanHP
225.8,0.543,66.8,11891,50,0.54,ChargerLaptopDanHP
225.8,0.543,66.8,11891,50,0.54,ChargerLaptopDanHP
225.8,0.543,66.8,11891,50,0.54,ChargerLaptopDanHP
225.8,0.543,66.8,11891,50,0.54,ChargerLaptopDanHP
225.8,0.543,66.8,11891,50,0.54,ChargerLaptopDanHP
225.8,0.543,66.8,11891,50,0.54,ChargerLaptopDanHP
225.8,0.543,66.8,11891,50,0.54,ChargerLaptopDanHP
225.8,0.543,66.8,11891,50,0.54,ChargerLaptopDanHP
225.8,0.543,66.8,11891,50,0.54,ChargerLaptopDanHP
225.6,0.556,67.9,11891,50,0.54,ChargerLaptopDanHP
225.6,0.556,67.9,11891,50,0.54,ChargerLaptopDanHP
225.6,0.556,67.9,11891,50,0.54,ChargerLaptopDanHP
225.6,0.556,67.9,11891,50,0.54,ChargerLaptopDanHP
225.6,0.556,67.9,11891,50,0.54,ChargerLaptopDanHP
225.6,0.556,67.9,11891,50,0.54,ChargerLaptopDanHP
225.6,0.556,67.9,11891,50,0.54,ChargerLaptopDanHP
225.6,0.556,67.9,11891,50,0.54,ChargerLaptopDanHP
225.6,0.556,67.9,11891,50,0.54,ChargerLaptopDanHP
225.6,0.556,67.9,11891,50,0.54,ChargerLaptopDanHP
225.7,0.581,72.6,11891,50,0.55,ChargerLaptopDanHP
225.7,0.581,72.6,11891,50,0.55,ChargerLaptopDanHP
225.7,0.581,72.6,11891,50,0.55,ChargerLaptopDanHP
225.7,0.581,72.6,11891,50,0.55,ChargerLaptopDanHP
225.7,0.581,72.6,11891,50,0.55,ChargerLaptopDanHP
225.7,0.581,72.6,11891,50,0.55,ChargerLaptopDanHP
225.7,0.581,72.6,11891,50,0.55,ChargerLaptopDanHP
225.7,0.581,72.6,11891,50,0.55,ChargerLaptopDanHP
225.7,0.581,72.6,11891,50,0.55,ChargerLaptopDanHP
225.7,0.581,72.6,11891,50,0.55,ChargerLaptopDanHP
225.7,0.581,72.6,11891,50,0.55,ChargerLaptopDanHP
225.8,0.531,64.7,11891,50,0.54,ChargerLaptopDanHP
225.8,0.531,64.7,11891,50,0.54,ChargerLaptopDanHP
225.8,0.531,64.7,11891,50,0.54,ChargerLaptopDanHP
225.8,0.531,64.7,11891,50,0.54,ChargerLaptopDanHP
225.8,0.531,64.7,11891,50,0.54,ChargerLaptopDanHP
225.8,0.531,64.7,11891,50,0.54,ChargerLaptopDanHP
225.8,0.531,64.7,11891,50,0.54,ChargerLaptopDanHP
225.8,0.531,64.7,11891,50,0.54,ChargerLaptopDanHP
225.8,0.531,64.7,11891,50,0.54,ChargerLaptopDanHP
225.8,0.531,64.7,11891,50,0.54,ChargerLaptopDanHP
225.8,0.509,61.3,11891,50,0.53,ChargerLaptopDanHP
225.8,0.509,61.3,11891,50,0.53,ChargerLaptopDanHP
225.8,0.509,61.3,11891,50,0.53,ChargerLaptopDanHP
225.8,0.509,61.3,11891,50,0.53,ChargerLaptopDanHP
225.8,0.509,61.3,11891,50,0.53,ChargerLaptopDanHP
225.8,0.509,61.3,11891,50,0.53,ChargerLaptopDanHP
225.8,0.509,61.3,11891,50,0.53,ChargerLaptopDanHP
225.8,0.509,61.3,11891,50,0.53,ChargerLaptopDanHP
225.8,0.509,61.3,11891,50,0.53,ChargerLaptopDanHP
225.8,0.509,61.3,11891,50,0.53,ChargerLaptopDanHP
226,0.517,62.8,11891,50,0.54,ChargerLaptopDanHP
226,0.517,62.8,11891,50,0.54,ChargerLaptopDanHP
226,0.517,62.8,11891,50,0.54,ChargerLaptopDanHP
226,0.517,62.8,11891,50,0.54,ChargerLaptopDanHP
226,0.517,62.8,11891,50,0.54,ChargerLaptopDanHP
226,0.517,62.8,11891,50,0.54,ChargerLaptopDanHP
226,0.517,62.8,11891,50,0.54,ChargerLaptopDanHP
226,0.517,62.8,11891,50,0.54,ChargerLaptopDanHP
226,0.517,62.8,11891,50,0.54,ChargerLaptopDanHP
226,0.517,62.8,11891,50,0.54,ChargerLaptopDanHP
225.7,0.499,60.2,11891,50,0.53,ChargerLaptopDanHP
225.7,0.499,60.2,11891,50,0.53,ChargerLaptopDanHP
225.7,0.499,60.2,11891,50,0.53,ChargerLaptopDanHP
225.7,0.499,60.2,11891,50,0.53,ChargerLaptopDanHP
225.7,0.499,60.2,11891,50,0.53,ChargerLaptopDanHP
225.7,0.499,60.2,11891,50,0.53,ChargerLaptopDanHP
225.7,0.499,60.2,11891,50,0.53,ChargerLaptopDanHP
225.7,0.499,60.2,11891,50,0.53,ChargerLaptopDanHP
225.7,0.499,60.2,11891,50,0.53,ChargerLaptopDanHP
225.7,0.499,60.2,11891,50,0.53,ChargerLaptopDanHP
225.7,0.499,60.2,11891,50,0.53,ChargerLaptopDanHP
225.7,0.499,60.2,11891,50,0.53,ChargerLaptopDanHP
225.9,0.49,59,11891,50,0.53,ChargerLaptopDanHP
225.9,0.49,59,11891,50,0.53,ChargerLaptopDanHP
225.9,0.49,59,11891,50,0.53,ChargerLaptopDanHP
225.9,0.49,59,11891,50,0.53,ChargerLaptopDanHP
225.9,0.49,59,11891,50,0.53,ChargerLaptopDanHP
225.9,0.49,59,11891,50,0.53,ChargerLaptopDanHP
225.9,0.49,59,11891,50,0.53,ChargerLaptopDanHP
225.9,0.49,59,11891,50,0.53,ChargerLaptopDanHP
225.9,0.49,59,11891,50,0.53,ChargerLaptopDanHP
225.9,0.49,59,11891,50,0.53,ChargerLaptopDanHP
226,0.525,64.2,11891,50,0.54,ChargerLaptopDanHP
226,0.525,64.2,11891,50,0.54,ChargerLaptopDanHP
226,0.525,64.2,11891,50,0.54,ChargerLaptopDanHP
226,0.525,64.2,11891,50,0.54,ChargerLaptopDanHP
226,0.525,64.2,11891,50,0.54,ChargerLaptopDanHP
226,0.525,64.2,11891,50,0.54,ChargerLaptopDanHP
226,0.525,64.2,11891,50,0.54,ChargerLaptopDanHP
226,0.525,64.2,11891,50,0.54,ChargerLaptopDanHP
226,0.525,64.2,11891,50,0.54,ChargerLaptopDanHP
226,0.525,64.2,11891,50,0.54,ChargerLaptopDanHP
225.9,0.508,61.6,11891,50,0.54,ChargerLaptopDanHP
225.9,0.508,61.6,11891,50,0.54,ChargerLaptopDanHP
225.9,0.508,61.6,11891,50,0.54,ChargerLaptopDanHP
225.9,0.508,61.6,11891,50,0.54,ChargerLaptopDanHP
225.9,0.508,61.6,11891,50,0.54,ChargerLaptopDanHP
225.9,0.508,61.6,11891,50,0.54,ChargerLaptopDanHP
225.9,0.508,61.6,11891,50,0.54,ChargerLaptopDanHP
225.9,0.508,61.6,11891,50,0.54,ChargerLaptopDanHP
225.9,0.508,61.6,11891,50,0.54,ChargerLaptopDanHP
225.9,0.508,61.6,11891,50,0.54,ChargerLaptopDanHP
225.7,0.486,58.5,11891,50,0.53,ChargerLaptopDanHP
225.7,0.486,58.5,11891,50,0.53,ChargerLaptopDanHP
225.7,0.486,58.5,11891,50,0.53,ChargerLaptopDanHP
225.7,0.486,58.5,11891,50,0.53,ChargerLaptopDanHP
225.7,0.486,58.5,11891,50,0.53,ChargerLaptopDanHP
225.7,0.486,58.5,11891,50,0.53,ChargerLaptopDanHP
225.7,0.486,58.5,11891,50,0.53,ChargerLaptopDanHP
225.7,0.486,58.5,11891,50,0.53,ChargerLaptopDanHP
225.7,0.486,58.5,11891,50,0.53,ChargerLaptopDanHP
225.7,0.486,58.5,11891,50,0.53,ChargerLaptopDanHP
225.7,0.519,62.9,11891,50,0.54,ChargerLaptopDanHP
225.9,0.519,62.9,11891,50,0.54,ChargerLaptopDanHP
225.9,0.519,62.9,11891,50,0.54,ChargerLaptopDanHP
225.9,0.519,62.9,11891,50,0.54,ChargerLaptopDanHP
225.9,0.519,62.9,11891,50,0.54,ChargerLaptopDanHP
225.9,0.519,62.9,11891,50,0.54,ChargerLaptopDanHP
225.9,0.519,62.9,11891,50,0.54,ChargerLaptopDanHP
225.9,0.519,62.9,11891,50,0.54,ChargerLaptopDanHP
225.9,0.519,62.9,11891,50,0.54,ChargerLaptopDanHP
225.9,0.519,62.9,11891,50,0.54,ChargerLaptopDanHP
225.9,0.519,62.9,11891,50,0.54,ChargerLaptopDanHP
225.8,0.496,59.9,11891,50,0.53,ChargerLaptopDanHP
225.8,0.496,59.9,11891,50,0.53,ChargerLaptopDanHP
225.8,0.496,59.9,11891,50,0.53,ChargerLaptopDanHP
225.8,0.496,59.9,11891,50,0.53,ChargerLaptopDanHP
225.8,0.496,59.9,11891,50,0.53,ChargerLaptopDanHP
225.8,0.496,59.9,11891,50,0.53,ChargerLaptopDanHP
225.8,0.496,59.9,11891,50,0.53,ChargerLaptopDanHP
225.8,0.496,59.9,11891,50,0.53,ChargerLaptopDanHP
225.8,0.496,59.9,11891,50,0.53,ChargerLaptopDanHP
225.8,0.496,59.9,11891,50,0.53,ChargerLaptopDanHP
226,0.5,60.2,11891,50,0.53,ChargerLaptopDanHP
226,0.5,60.2,11891,50,0.53,ChargerLaptopDanHP
226,0.5,60.2,11891,50,0.53,ChargerLaptopDanHP
226,0.5,60.2,11891,50,0.53,ChargerLaptopDanHP
226,0.5,60.2,11891,50,0.53,ChargerLaptopDanHP
226,0.5,60.2,11891,50,0.53,ChargerLaptopDanHP
226,0.5,60.2,11891,50,0.53,ChargerLaptopDanHP
226,0.5,60.2,11891,50,0.53,ChargerLaptopDanHP
226,0.5,60.2,11891,50,0.53,ChargerLaptopDanHP
226,0.5,60.2,11891,50,0.53,ChargerLaptopDanHP
225.9,0.507,61.6,11891,50,0.54,ChargerLaptopDanHP
225.9,0.507,61.6,11891,50,0.54,ChargerLaptopDanHP
225.9,0.507,61.6,11891,50,0.54,ChargerLaptopDanHP
225.9,0.507,61.6,11891,50,0.54,ChargerLaptopDanHP
225.9,0.507,61.6,11891,50,0.54,ChargerLaptopDanHP
225.9,0.507,61.6,11891,50,0.54,ChargerLaptopDanHP
225.9,0.507,61.6,11891,50,0.54,ChargerLaptopDanHP
225.9,0.507,61.6,11891,50,0.54,ChargerLaptopDanHP
225.9,0.507,61.6,11891,50,0.54,ChargerLaptopDanHP
225.9,0.507,61.6,11891,50,0.54,ChargerLaptopDanHP
225.8,0.499,60.4,11891,50,0.54,ChargerLaptopDanHP
225.8,0.499,60.4,11891,50,0.54,ChargerLaptopDanHP
225.8,0.499,60.4,11891,50,0.54,ChargerLaptopDanHP
225.8,0.499,60.4,11891,50,0.54,ChargerLaptopDanHP
225.8,0.499,60.4,11891,50,0.54,ChargerLaptopDanHP
225.8,0.499,60.4,11891,50,0.54,ChargerLaptopDanHP
225.8,0.499,60.4,11891,50,0.54,ChargerLaptopDanHP
225.8,0.499,60.4,11891,50,0.54,ChargerLaptopDanHP
225.8,0.499,60.4,11891,50,0.54,ChargerLaptopDanHP
225.8,0.499,60.4,11891,50,0.54,ChargerLaptopDanHP
225.8,0.499,60.4,11891,50,0.54,ChargerLaptopDanHP
225.8,0.499,60.4,11891,50,0.54,ChargerLaptopDanHP
225.7,0.51,61.6,11891,50,0.54,ChargerLaptopDanHP
225.7,0.51,61.6,11891,50,0.54,ChargerLaptopDanHP
225.7,0.51,61.6,11891,50,0.54,ChargerLaptopDanHP
225.7,0.51,61.6,11891,50,0.54,ChargerLaptopDanHP
225.7,0.51,61.6,11891,50,0.54,ChargerLaptopDanHP
225.7,0.51,61.6,11891,50,0.54,ChargerLaptopDanHP
225.7,0.51,61.6,11891,50,0.54,ChargerLaptopDanHP
225.7,0.51,61.6,11891,50,0.54,ChargerLaptopDanHP
225.7,0.51,61.6,11891,50,0.54,ChargerLaptopDanHP
225.7,0.51,61.6,11891,50,0.54,ChargerLaptopDanHP
225.7,0.505,60.7,11891,50,0.53,ChargerLaptopDanHP
225.7,0.505,60.7,11891,50,0.53,ChargerLaptopDanHP
225.7,0.505,60.7,11891,50,0.53,ChargerLaptopDanHP
225.7,0.505,60.7,11891,50,0.53,ChargerLaptopDanHP
225.7,0.505,60.7,11891,50,0.53,ChargerLaptopDanHP
225.7,0.505,60.7,11891,50,0.53,ChargerLaptopDanHP
225.7,0.505,60.7,11891,50,0.53,ChargerLaptopDanHP
225.7,0.505,60.7,11891,50,0.53,ChargerLaptopDanHP
225.7,0.505,60.7,11891,50,0.53,ChargerLaptopDanHP
225.7,0.505,60.7,11891,50,0.53,ChargerLaptopDanHP
225.8,0.53,64.2,11891,50,0.54,ChargerLaptopDanHP
225.8,0.53,64.2,11891,50,0.54,ChargerLaptopDanHP
225.8,0.53,64.2,11891,50,0.54,ChargerLaptopDanHP
225.8,0.53,64.2,11891,50,0.54,ChargerLaptopDanHP
225.8,0.53,64.2,11891,50,0.54,ChargerLaptopDanHP
225.8,0.53,64.2,11891,50,0.54,ChargerLaptopDanHP
225.8,0.53,64.2,11891,50,0.54,ChargerLaptopDanHP
225.8,0.53,64.2,11891,50,0.54,ChargerLaptopDanHP
225.8,0.53,64.2,11891,50,0.54,ChargerLaptopDanHP
225.8,0.53,64.2,11891,50,0.54,ChargerLaptopDanHP
226.2,0.509,61.8,11891,50,0.54,ChargerLaptopDanHP
226.2,0.509,61.8,11891,50,0.54,ChargerLaptopDanHP
226.2,0.509,61.8,11891,50,0.54,ChargerLaptopDanHP
226.2,0.509,61.8,11891,50,0.54,ChargerLaptopDanHP
226.2,0.509,61.8,11891,50,0.54,ChargerLaptopDanHP
226.2,0.509,61.8,11891,50,0.54,ChargerLaptopDanHP
226.2,0.509,61.8,11891,50,0.54,ChargerLaptopDanHP
226.2,0.509,61.8,11891,50,0.54,ChargerLaptopDanHP
226.2,0.509,61.8,11891,50,0.54,ChargerLaptopDanHP
226.2,0.509,61.8,11891,50,0.54,ChargerLaptopDanHP
226.2,0.509,61.8,11891,50,0.54,ChargerLaptopDanHP
225.7,0.504,60.2,11891,50,0.53,ChargerLaptopDanHP
225.7,0.504,60.2,11891,50,0.53,ChargerLaptopDanHP
225.7,0.504,60.2,11891,50,0.53,ChargerLaptopDanHP
225.7,0.504,60.2,11891,50,0.53,ChargerLaptopDanHP
225.7,0.504,60.2,11891,50,0.53,ChargerLaptopDanHP
225.7,0.504,60.2,11891,50,0.53,ChargerLaptopDanHP
225.7,0.504,60.2,11891,50,0.53,ChargerLaptopDanHP
225.7,0.504,60.2,11891,50,0.53,ChargerLaptopDanHP
225.7,0.504,60.2,11891,50,0.53,ChargerLaptopDanHP
225.7,0.504,60.2,11891,50,0.53,ChargerLaptopDanHP
225.8,0.489,58.9,11891,50,0.53,ChargerLaptopDanHP
225.8,0.489,58.9,11891,50,0.53,ChargerLaptopDanHP
225.8,0.489,58.9,11891,50,0.53,ChargerLaptopDanHP
225.8,0.489,58.9,11891,50,0.53,ChargerLaptopDanHP
225.8,0.489,58.9,11891,50,0.53,ChargerLaptopDanHP
225.8,0.489,58.9,11891,50,0.53,ChargerLaptopDanHP
225.8,0.489,58.9,11891,50,0.53,ChargerLaptopDanHP
225.8,0.489,58.9,11891,50,0.53,ChargerLaptopDanHP
225.8,0.489,58.9,11891,50,0.53,ChargerLaptopDanHP
225.8,0.489,58.9,11891,50,0.53,ChargerLaptopDanHP
225.7,0.496,60,11891,50,0.54,ChargerLaptopDanHP
225.7,0.496,60,11891,50,0.54,ChargerLaptopDanHP
225.7,0.496,60,11891,50,0.54,ChargerLaptopDanHP
225.7,0.496,60,11891,50,0.54,ChargerLaptopDanHP
225.7,0.496,60,11891,50,0.54,ChargerLaptopDanHP
225.7,0.496,60,11891,50,0.54,ChargerLaptopDanHP
225.7,0.496,60,11891,50,0.54,ChargerLaptopDanHP
225.7,0.496,60,11891,50,0.54,ChargerLaptopDanHP
225.7,0.496,60,11891,50,0.54,ChargerLaptopDanHP
225.7,0.496,60,11891,50,0.54,ChargerLaptopDanHP
225.6,0.496,59.8,11891,50,0.53,ChargerLaptopDanHP
225.6,0.496,59.8,11891,50,0.53,ChargerLaptopDanHP
225.6,0.496,59.8,11891,50,0.53,ChargerLaptopDanHP
225.6,0.496,59.8,11891,50,0.53,ChargerLaptopDanHP
225.6,0.496,59.8,11891,50,0.53,ChargerLaptopDanHP
225.6,0.496,59.8,11891,50,0.53,ChargerLaptopDanHP
225.6,0.496,59.8,11891,50,0.53,ChargerLaptopDanHP
225.6,0.496,59.8,11891,50,0.53,ChargerLaptopDanHP
225.6,0.496,59.8,11891,50,0.53,ChargerLaptopDanHP
225.6,0.496,59.8,11891,50,0.53,ChargerLaptopDanHP
225.6,0.496,59.8,11891,50,0.53,ChargerLaptopDanHP
225.6,0.496,59.8,11891,50,0.53,ChargerLaptopDanHP
225.5,0.494,59.6,11891,50,0.54,ChargerLaptopDanHP
225.5,0.494,59.6,11891,50,0.54,ChargerLaptopDanHP
225.5,0.494,59.6,11891,50,0.54,ChargerLaptopDanHP
225.5,0.494,59.6,11891,50,0.54,ChargerLaptopDanHP
225.5,0.494,59.6,11891,50,0.54,ChargerLaptopDanHP
225.5,0.494,59.6,11891,50,0.54,ChargerLaptopDanHP
225.5,0.494,59.6,11891,50,0.54,ChargerLaptopDanHP
225.5,0.494,59.6,11891,50,0.54,ChargerLaptopDanHP
225.5,0.494,59.6,11891,50,0.54,ChargerLaptopDanHP
225.5,0.494,59.6,11891,50,0.54,ChargerLaptopDanHP
225.7,0.499,60.2,11891,50,0.53,ChargerLaptopDanHP
225.7,0.499,60.2,11891,50,0.53,ChargerLaptopDanHP
225.7,0.499,60.2,11891,50,0.53,ChargerLaptopDanHP
225.7,0.499,60.2,11891,50,0.53,ChargerLaptopDanHP
225.7,0.499,60.2,11891,50,0.53,ChargerLaptopDanHP
225.7,0.499,60.2,11891,50,0.53,ChargerLaptopDanHP
225.7,0.499,60.2,11891,50,0.53,ChargerLaptopDanHP
225.7,0.499,60.2,11891,50,0.53,ChargerLaptopDanHP
225.7,0.499,60.2,11891,50,0.53,ChargerLaptopDanHP
225.7,0.499,60.2,11891,50,0.53,ChargerLaptopDanHP
225.8,0.493,59.1,11891,50,0.53,ChargerLaptopDanHP
225.8,0.493,59.1,11891,50,0.53,ChargerLaptopDanHP
225.8,0.493,59.1,11891,50,0.53,ChargerLaptopDanHP
225.8,0.493,59.1,11891,50,0.53,ChargerLaptopDanHP
225.8,0.493,59.1,11891,50,0.53,ChargerLaptopDanHP
225.8,0.493,59.1,11891,50,0.53,ChargerLaptopDanHP
225.8,0.493,59.1,11891,50,0.53,ChargerLaptopDanHP
225.8,0.493,59.1,11891,50,0.53,ChargerLaptopDanHP
225.8,0.493,59.1,11891,50,0.53,ChargerLaptopDanHP
225.8,0.493,59.1,11891,50,0.53,ChargerLaptopDanHP
226,0.495,60.2,11891,50,0.54,ChargerLaptopDanHP
226,0.495,60.2,11891,50,0.54,ChargerLaptopDanHP
226,0.495,60.2,11891,50,0.54,ChargerLaptopDanHP
226,0.495,60.2,11891,50,0.54,ChargerLaptopDanHP
226,0.495,60.2,11891,50,0.54,ChargerLaptopDanHP
226,0.495,60.2,11891,50,0.54,ChargerLaptopDanHP
226,0.495,60.2,11891,50,0.54,ChargerLaptopDanHP
226,0.495,60.2,11891,50,0.54,ChargerLaptopDanHP
226,0.495,60.2,11892,50,0.54,ChargerLaptopDanHP
226,0.495,60.2,11892,50,0.54,ChargerLaptopDanHP
225.8,0.532,64.5,11892,50,0.54,ChargerLaptopDanHP
225.8,0.532,64.5,11892,50,0.54,ChargerLaptopDanHP
225.8,0.532,64.5,11892,50,0.54,ChargerLaptopDanHP
225.8,0.532,64.5,11892,50,0.54,ChargerLaptopDanHP
225.8,0.532,64.5,11892,50,0.54,ChargerLaptopDanHP
225.8,0.532,64.5,11892,50,0.54,ChargerLaptopDanHP
225.8,0.532,64.5,11892,50,0.54,ChargerLaptopDanHP
225.8,0.532,64.5,11892,50,0.54,ChargerLaptopDanHP
225.8,0.532,64.5,11892,50,0.54,ChargerLaptopDanHP
225.8,0.532,64.5,11892,50,0.54,ChargerLaptopDanHP
225.8,0.532,64.5,11892,50,0.54,ChargerLaptopDanHP
225.9,0.491,59,11892,50,0.53,ChargerLaptopDanHP
225.9,0.491,59,11892,50,0.53,ChargerLaptopDanHP
225.9,0.491,59,11892,50,0.53,ChargerLaptopDanHP
225.9,0.491,59,11892,50,0.53,ChargerLaptopDanHP
225.9,0.491,59,11892,50,0.53,ChargerLaptopDanHP
225.9,0.491,59,11892,50,0.53,ChargerLaptopDanHP
225.9,0.491,59,11892,50,0.53,ChargerLaptopDanHP
225.9,0.491,59,11892,50,0.53,ChargerLaptopDanHP
225.9,0.491,59,11892,50,0.53,ChargerLaptopDanHP
225.9,0.491,59,11892,50,0.53,ChargerLaptopDanHP
225.9,0.502,60.5,11892,50,0.53,ChargerLaptopDanHP
225.9,0.502,60.5,11892,50,0.53,ChargerLaptopDanHP
225.9,0.502,60.5,11892,50,0.53,ChargerLaptopDanHP
225.9,0.502,60.5,11892,50,0.53,ChargerLaptopDanHP
225.9,0.502,60.5,11892,50,0.53,ChargerLaptopDanHP
225.9,0.502,60.5,11892,50,0.53,ChargerLaptopDanHP
225.9,0.502,60.5,11892,50,0.53,ChargerLaptopDanHP
225.9,0.502,60.5,11892,50,0.53,ChargerLaptopDanHP
225.9,0.502,60.5,11892,50,0.53,ChargerLaptopDanHP
225.9,0.502,60.5,11892,50,0.53,ChargerLaptopDanHP
225.9,0.489,58.6,11892,50,0.53,ChargerLaptopDanHP
225.9,0.489,58.6,11892,50,0.53,ChargerLaptopDanHP
225.9,0.489,58.6,11892,50,0.53,ChargerLaptopDanHP
225.9,0.489,58.6,11892,50,0.53,ChargerLaptopDanHP
225.9,0.489,58.6,11892,50,0.53,ChargerLaptopDanHP
225.9,0.489,58.6,11892,50,0.53,ChargerLaptopDanHP
225.9,0.489,58.6,11892,50,0.53,ChargerLaptopDanHP
225.9,0.489,58.6,11892,50,0.53,ChargerLaptopDanHP
225.9,0.489,58.6,11892,50,0.53,ChargerLaptopDanHP
225.9,0.489,58.6,11892,50,0.53,ChargerLaptopDanHP
225.8,0.497,59.4,11892,50,0.53,ChargerLaptopDanHP
225.8,0.497,59.4,11892,50,0.53,ChargerLaptopDanHP
225.8,0.497,59.4,11892,50,0.53,ChargerLaptopDanHP
225.8,0.497,59.4,11892,50,0.53,ChargerLaptopDanHP
225.8,0.497,59.4,11892,50,0.53,ChargerLaptopDanHP
225.8,0.497,59.4,11892,50,0.53,ChargerLaptopDanHP
225.8,0.497,59.4,11892,50,0.53,ChargerLaptopDanHP
225.8,0.497,59.4,11892,50,0.53,ChargerLaptopDanHP
225.8,0.497,59.4,11892,50,0.53,ChargerLaptopDanHP
225.8,0.497,59.4,11892,50,0.53,ChargerLaptopDanHP
225.8,0.497,59.4,11892,50,0.53,ChargerLaptopDanHP
225.8,0.497,59.4,11892,50,0.53,ChargerLaptopDanHP
226,0.528,63.8,11892,50,0.53,ChargerLaptopDanHP
226,0.528,63.8,11892,50,0.53,ChargerLaptopDanHP
226,0.528,63.8,11892,50,0.53,ChargerLaptopDanHP
226,0.528,63.8,11892,50,0.53,ChargerLaptopDanHP
226,0.528,63.8,11892,50,0.53,ChargerLaptopDanHP
226,0.528,63.8,11892,50,0.53,ChargerLaptopDanHP
226,0.528,63.8,11892,50,0.53,ChargerLaptopDanHP
226,0.528,63.8,11892,50,0.53,ChargerLaptopDanHP
226,0.528,63.8,11892,50,0.53,ChargerLaptopDanHP
225.9,0.512,62.1,11892,50,0.54,ChargerLaptopDanHP
225.9,0.512,62.1,11892,50,0.54,ChargerLaptopDanHP
225.9,0.512,62.1,11892,50,0.54,ChargerLaptopDanHP
225.9,0.512,62.1,11892,50,0.54,ChargerLaptopDanHP
225.9,0.512,62.1,11892,50,0.54,ChargerLaptopDanHP
225.9,0.512,62.1,11892,50,0.54,ChargerLaptopDanHP
225.9,0.512,62.1,11892,50,0.54,ChargerLaptopDanHP
225.9,0.512,62.1,11892,50,0.54,ChargerLaptopDanHP
225.9,0.512,62.1,11892,50,0.54,ChargerLaptopDanHP
225.9,0.512,62.1,11892,50,0.54,ChargerLaptopDanHP
225.8,0.549,67.6,11892,50,0.55,ChargerLaptopDanHP
225.8,0.549,67.6,11892,50,0.55,ChargerLaptopDanHP
225.8,0.549,67.6,11892,50,0.55,ChargerLaptopDanHP
225.8,0.549,67.6,11892,50,0.55,ChargerLaptopDanHP
225.8,0.549,67.6,11892,50,0.55,ChargerLaptopDanHP
225.8,0.549,67.6,11892,50,0.55,ChargerLaptopDanHP
225.8,0.549,67.6,11892,50,0.55,ChargerLaptopDanHP
225.8,0.549,67.6,11892,50,0.55,ChargerLaptopDanHP
225.8,0.549,67.6,11892,50,0.55,ChargerLaptopDanHP
225.8,0.549,67.6,11892,50,0.55,ChargerLaptopDanHP
226.2,0.523,64.1,11892,50,0.54,ChargerLaptopDanHP
226.2,0.523,64.1,11892,50,0.54,ChargerLaptopDanHP
226.2,0.523,64.1,11892,50,0.54,ChargerLaptopDanHP
226.2,0.523,64.1,11892,50,0.54,ChargerLaptopDanHP
226.2,0.523,64.1,11892,50,0.54,ChargerLaptopDanHP
226.2,0.523,64.1,11892,50,0.54,ChargerLaptopDanHP
226.2,0.523,64.1,11892,50,0.54,ChargerLaptopDanHP
226.2,0.523,64.1,11892,50,0.54,ChargerLaptopDanHP
226.2,0.523,64.1,11892,50,0.54,ChargerLaptopDanHP
226.2,0.523,64.1,11892,50,0.54,ChargerLaptopDanHP
226.2,0.523,64.1,11892,50,0.54,ChargerLaptopDanHP
226.2,0.523,64.1,11892,50,0.54,ChargerLaptopDanHP
226,0.563,69.7,11892,50,0.55,ChargerLaptopDanHP
226,0.563,69.7,11892,50,0.55,ChargerLaptopDanHP
226,0.563,69.7,11892,50,0.55,ChargerLaptopDanHP
226,0.563,69.7,11892,50,0.55,ChargerLaptopDanHP
226,0.563,69.7,11892,50,0.55,ChargerLaptopDanHP
226,0.563,69.7,11892,50,0.55,ChargerLaptopDanHP
226,0.563,69.7,11892,50,0.55,ChargerLaptopDanHP
226,0.563,69.7,11892,50,0.55,ChargerLaptopDanHP
226,0.563,69.7,11892,50,0.55,ChargerLaptopDanHP
226,0.563,69.7,11892,50,0.55,ChargerLaptopDanHP
226.2,0.485,58.2,11892,50,0.53,ChargerLaptopDanHP
226.2,0.485,58.2,11892,50,0.53,ChargerLaptopDanHP
226.2,0.485,58.2,11892,50,0.53,ChargerLaptopDanHP
226.2,0.485,58.2,11892,50,0.53,ChargerLaptopDanHP
226.2,0.485,58.2,11892,50,0.53,ChargerLaptopDanHP
226.2,0.485,58.2,11892,50,0.53,ChargerLaptopDanHP
226.2,0.485,58.2,11892,50,0.53,ChargerLaptopDanHP
226.2,0.485,58.2,11892,50,0.53,ChargerLaptopDanHP
226.2,0.485,58.2,11892,50,0.53,ChargerLaptopDanHP
226.2,0.485,58.2,11892,50,0.53,ChargerLaptopDanHP
226,0.478,57.5,11892,50,0.53,ChargerLaptopDanHP
226,0.478,57.5,11892,50,0.53,ChargerLaptopDanHP
226,0.478,57.5,11892,50,0.53,ChargerLaptopDanHP
226,0.478,57.5,11892,50,0.53,ChargerLaptopDanHP
226,0.478,57.5,11892,50,0.53,ChargerLaptopDanHP
226,0.478,57.5,11892,50,0.53,ChargerLaptopDanHP
226,0.478,57.5,11892,50,0.53,ChargerLaptopDanHP
226,0.478,57.5,11892,50,0.53,ChargerLaptopDanHP
226,0.478,57.5,11892,50,0.53,ChargerLaptopDanHP
226,0.478,57.5,11892,50,0.53,ChargerLaptopDanHP
225.8,0.477,57,11892,50,0.53,ChargerLaptopDanHP
225.8,0.477,57,11892,50,0.53,ChargerLaptopDanHP
225.8,0.477,57,11892,50,0.53,ChargerLaptopDanHP
225.8,0.477,57,11892,50,0.53,ChargerLaptopDanHP
225.8,0.477,57,11892,50,0.53,ChargerLaptopDanHP
225.8,0.477,57,11892,50,0.53,ChargerLaptopDanHP
225.8,0.477,57,11892,50,0.53,ChargerLaptopDanHP
225.8,0.477,57,11892,50,0.53,ChargerLaptopDanHP
225.8,0.477,57,11892,50,0.53,ChargerLaptopDanHP
225.8,0.477,57,11892,50,0.53,ChargerLaptopDanHP
225.8,0.536,65.3,11892,50,0.54,ChargerLaptopDanHP
225.8,0.536,65.3,11892,50,0.54,ChargerLaptopDanHP
225.8,0.536,65.3,11892,50,0.54,ChargerLaptopDanHP
225.8,0.536,65.3,11892,50,0.54,ChargerLaptopDanHP
225.8,0.536,65.3,11892,50,0.54,ChargerLaptopDanHP
225.8,0.536,65.3,11892,50,0.54,ChargerLaptopDanHP
225.8,0.536,65.3,11892,50,0.54,ChargerLaptopDanHP
225.8,0.536,65.3,11892,50,0.54,ChargerLaptopDanHP
225.8,0.536,65.3,11892,50,0.54,ChargerLaptopDanHP
225.8,0.536,65.3,11892,50,0.54,ChargerLaptopDanHP
225.8,0.536,65.3,11892,50,0.54,ChargerLaptopDanHP
225.7,0.553,67.9,11892,50,0.54,ChargerLaptopDanHP
225.7,0.553,67.9,11892,50,0.54,ChargerLaptopDanHP
225.7,0.553,67.9,11892,50,0.54,ChargerLaptopDanHP
225.7,0.553,67.9,11892,50,0.54,ChargerLaptopDanHP
225.7,0.553,67.9,11892,50,0.54,ChargerLaptopDanHP
225.7,0.553,67.9,11892,50,0.54,ChargerLaptopDanHP
225.7,0.553,67.9,11892,50,0.54,ChargerLaptopDanHP
225.7,0.553,67.9,11892,50,0.54,ChargerLaptopDanHP
225.7,0.553,67.9,11892,50,0.54,ChargerLaptopDanHP
225.7,0.553,67.9,11892,50,0.54,ChargerLaptopDanHP
225.8,0.539,66,11892,50,0.54,ChargerLaptopDanHP
225.8,0.539,66,11892,50,0.54,ChargerLaptopDanHP
225.8,0.539,66,11892,50,0.54,ChargerLaptopDanHP
225.8,0.539,66,11892,50,0.54,ChargerLaptopDanHP
225.8,0.539,66,11892,50,0.54,ChargerLaptopDanHP
225.8,0.539,66,11892,50,0.54,ChargerLaptopDanHP
225.8,0.539,66,11892,50,0.54,ChargerLaptopDanHP
225.8,0.539,66,11892,50,0.54,ChargerLaptopDanHP
225.8,0.539,66,11892,50,0.54,ChargerLaptopDanHP
225.8,0.539,66,11892,50,0.54,ChargerLaptopDanHP
225.6,0.531,64.4,11892,50,0.54,ChargerLaptopDanHP
225.6,0.531,64.4,11892,50,0.54,ChargerLaptopDanHP
225.6,0.531,64.4,11892,50,0.54,ChargerLaptopDanHP
225.6,0.531,64.4,11892,50,0.54,ChargerLaptopDanHP
225.6,0.531,64.4,11892,50,0.54,ChargerLaptopDanHP
225.6,0.531,64.4,11892,50,0.54,ChargerLaptopDanHP
225.6,0.531,64.4,11892,50,0.54,ChargerLaptopDanHP
225.6,0.531,64.4,11892,50,0.54,ChargerLaptopDanHP
225.6,0.531,64.4,11892,50,0.54,ChargerLaptopDanHP
225.6,0.531,64.4,11892,50,0.54,ChargerLaptopDanHP
225.6,0.521,63.1,11892,50,0.54,ChargerLaptopDanHP
225.6,0.521,63.1,11892,50,0.54,ChargerLaptopDanHP
225.6,0.521,63.1,11892,50,0.54,ChargerLaptopDanHP
225.6,0.521,63.1,11892,50,0.54,ChargerLaptopDanHP
225.6,0.521,63.1,11892,50,0.54,ChargerLaptopDanHP
225.6,0.521,63.1,11892,50,0.54,ChargerLaptopDanHP
225.6,0.521,63.1,11892,50,0.54,ChargerLaptopDanHP
225.6,0.521,63.1,11892,50,0.54,ChargerLaptopDanHP
225.6,0.521,63.1,11892,50,0.54,ChargerLaptopDanHP
225.6,0.521,63.1,11892,50,0.54,ChargerLaptopDanHP
225.6,0.521,63.1,11892,50,0.54,ChargerLaptopDanHP
225.6,0.521,63.1,11892,50,0.54,ChargerLaptopDanHP
225.8,0.588,73.1,11892,50,0.55,ChargerLaptopDanHP
225.8,0.588,73.1,11892,50,0.55,ChargerLaptopDanHP
225.8,0.588,73.1,11892,50,0.55,ChargerLaptopDanHP
225.8,0.588,73.1,11892,50,0.55,ChargerLaptopDanHP
225.8,0.588,73.1,11892,50,0.55,ChargerLaptopDanHP
225.8,0.588,73.1,11892,50,0.55,ChargerLaptopDanHP
225.8,0.588,73.1,11892,50,0.55,ChargerLaptopDanHP
225.8,0.588,73.1,11892,50,0.55,ChargerLaptopDanHP
225.8,0.588,73.1,11892,50,0.55,ChargerLaptopDanHP
225.8,0.588,73.1,11892,50,0.55,ChargerLaptopDanHP
225.8,0.513,62.3,11892,50,0.54,ChargerLaptopDanHP
225.8,0.513,62.3,11892,50,0.54,ChargerLaptopDanHP
225.8,0.513,62.3,11892,50,0.54,ChargerLaptopDanHP
225.8,0.513,62.3,11892,50,0.54,ChargerLaptopDanHP
225.8,0.513,62.3,11892,50,0.54,ChargerLaptopDanHP
225.8,0.513,62.3,11892,50,0.54,ChargerLaptopDanHP
225.8,0.513,62.3,11892,50,0.54,ChargerLaptopDanHP
225.8,0.513,62.3,11892,50,0.54,ChargerLaptopDanHP
225.8,0.513,62.3,11892,50,0.54,ChargerLaptopDanHP
225.8,0.513,62.3,11892,50,0.54,ChargerLaptopDanHP
225.9,0.545,66.8,11892,50,0.54,ChargerLaptopDanHP
225.9,0.545,66.8,11892,50,0.54,ChargerLaptopDanHP
225.9,0.545,66.8,11892,50,0.54,ChargerLaptopDanHP
225.9,0.545,66.8,11892,50,0.54,ChargerLaptopDanHP
225.9,0.545,66.8,11892,50,0.54,ChargerLaptopDanHP
225.9,0.545,66.8,11892,50,0.54,ChargerLaptopDanHP
225.9,0.545,66.8,11892,50,0.54,ChargerLaptopDanHP
225.9,0.545,66.8,11892,50,0.54,ChargerLaptopDanHP
225.9,0.545,66.8,11892,50,0.54,ChargerLaptopDanHP
225.9,0.545,66.8,11892,50,0.54,ChargerLaptopDanHP
226,0.524,63.6,11892,50,0.54,ChargerLaptopDanHP
226,0.524,63.6,11892,50,0.54,ChargerLaptopDanHP
226,0.524,63.6,11892,50,0.54,ChargerLaptopDanHP
226,0.524,63.6,11892,50,0.54,ChargerLaptopDanHP
226,0.524,63.6,11892,50,0.54,ChargerLaptopDanHP
226,0.524,63.6,11892,50,0.54,ChargerLaptopDanHP
226,0.524,63.6,11892,50,0.54,ChargerLaptopDanHP
226,0.524,63.6,11892,50,0.54,ChargerLaptopDanHP
226,0.524,63.6,11892,50,0.54,ChargerLaptopDanHP
226,0.524,63.6,11892,50,0.54,ChargerLaptopDanHP
226,0.524,63.6,11892,50,0.54,ChargerLaptopDanHP
226,0.524,63.6,11892,50,0.54,ChargerLaptopDanHP
226.2,0.546,67.2,11892,50,0.54,ChargerLaptopDanHP
226.2,0.546,67.2,11892,50,0.54,ChargerLaptopDanHP
226.2,0.546,67.2,11892,50,0.54,ChargerLaptopDanHP
226.2,0.546,67.2,11892,50,0.54,ChargerLaptopDanHP
226.2,0.546,67.2,11892,50,0.54,ChargerLaptopDanHP
226.2,0.546,67.2,11892,50,0.54,ChargerLaptopDanHP
226.2,0.546,67.2,11892,50,0.54,ChargerLaptopDanHP
226.2,0.546,67.2,11892,50,0.54,ChargerLaptopDanHP
226.2,0.546,67.2,11892,50,0.54,ChargerLaptopDanHP
226.2,0.546,67.2,11892,50,0.54,ChargerLaptopDanHP
226.1,0.518,63.1,11892,50,0.54,ChargerLaptopDanHP
226.1,0.518,63.1,11892,50,0.54,ChargerLaptopDanHP
226.1,0.518,63.1,11892,50,0.54,ChargerLaptopDanHP
226.1,0.518,63.1,11892,50,0.54,ChargerLaptopDanHP
226.1,0.518,63.1,11892,50,0.54,ChargerLaptopDanHP
226.1,0.518,63.1,11892,50,0.54,ChargerLaptopDanHP
226.1,0.518,63.1,11892,50,0.54,ChargerLaptopDanHP
226.1,0.518,63.1,11892,50,0.54,ChargerLaptopDanHP
226.1,0.518,63.1,11892,50,0.54,ChargerLaptopDanHP
226.1,0.518,63.1,11892,50,0.54,ChargerLaptopDanHP
226.2,0.536,65.5,11892,50,0.54,ChargerLaptopDanHP
226.2,0.536,65.5,11892,50,0.54,ChargerLaptopDanHP
226.2,0.536,65.5,11892,50,0.54,ChargerLaptopDanHP
226.2,0.536,65.5,11892,50,0.54,ChargerLaptopDanHP
226.2,0.536,65.5,11892,50,0.54,ChargerLaptopDanHP
226.2,0.536,65.5,11892,50,0.54,ChargerLaptopDanHP
226.2,0.536,65.5,11892,50,0.54,ChargerLaptopDanHP
226.2,0.536,65.5,11892,50,0.54,ChargerLaptopDanHP
226.2,0.536,65.5,11892,50,0.54,ChargerLaptopDanHP
226.2,0.536,65.5,11892,50,0.54,ChargerLaptopDanHP
226,0.545,66.8,11892,50,0.54,ChargerLaptopDanHP
226,0.545,66.8,11892,50,0.54,ChargerLaptopDanHP
226,0.545,66.8,11892,50,0.54,ChargerLaptopDanHP
226,0.545,66.8,11892,50,0.54,ChargerLaptopDanHP
226,0.545,66.8,11892,50,0.54,ChargerLaptopDanHP
226,0.545,66.8,11892,50,0.54,ChargerLaptopDanHP
226,0.545,66.8,11892,50,0.54,ChargerLaptopDanHP
226,0.545,66.8,11892,50,0.54,ChargerLaptopDanHP
226,0.545,66.8,11892,50,0.54,ChargerLaptopDanHP
226,0.545,63.2,11892,50,0.51,ChargerLaptopDanHP
226,0.545,63.2,11892,50,0.51,ChargerLaptopDanHP
226.2,0.519,63.2,11892,50,0.54,ChargerLaptopDanHP
226.2,0.519,63.2,11892,50,0.54,ChargerLaptopDanHP
226.2,0.519,63.2,11892,50,0.54,ChargerLaptopDanHP
226.2,0.519,63.2,11892,50,0.54,ChargerLaptopDanHP
226.2,0.519,63.2,11892,50,0.54,ChargerLaptopDanHP
226.2,0.519,63.2,11892,50,0.54,ChargerLaptopDanHP
226.2,0.519,63.2,11892,50,0.54,ChargerLaptopDanHP
226.2,0.519,63.2,11892,50,0.54,ChargerLaptopDanHP
226.2,0.519,63.2,11892,50,0.54,ChargerLaptopDanHP
226.2,0.519,63.2,11892,50,0.54,ChargerLaptopDanHP
226.1,0.519,62.8,11892,50,0.54,ChargerLaptopDanHP
226.1,0.519,62.8,11892,50,0.54,ChargerLaptopDanHP
226.1,0.519,62.8,11892,50,0.54,ChargerLaptopDanHP
226.1,0.519,62.8,11892,50,0.54,ChargerLaptopDanHP
226.1,0.519,62.8,11892,50,0.54,ChargerLaptopDanHP
226.1,0.519,62.8,11892,50,0.54,ChargerLaptopDanHP
226.1,0.519,62.8,11892,50,0.54,ChargerLaptopDanHP
226.1,0.519,62.8,11892,50,0.54,ChargerLaptopDanHP
226.1,0.519,62.8,11892,50,0.54,ChargerLaptopDanHP
226.1,0.519,62.8,11892,50,0.54,ChargerLaptopDanHP
225.8,0.542,66.3,11892,50,0.54,ChargerLaptopDanHP
225.8,0.542,66.3,11892,50,0.54,ChargerLaptopDanHP
225.8,0.542,66.3,11892,50,0.54,ChargerLaptopDanHP
225.8,0.542,66.3,11892,50,0.54,ChargerLaptopDanHP
225.8,0.542,66.3,11892,50,0.54,ChargerLaptopDanHP
225.8,0.542,66.3,11892,50,0.54,ChargerLaptopDanHP
225.8,0.542,66.3,11892,50,0.54,ChargerLaptopDanHP
225.8,0.542,66.3,11892,50,0.54,ChargerLaptopDanHP
225.8,0.542,66.3,11892,50,0.54,ChargerLaptopDanHP
225.8,0.542,66.3,11892,50,0.54,ChargerLaptopDanHP
225.9,0.539,65.9,11892,50,0.54,ChargerLaptopDanHP
225.9,0.539,65.9,11892,50,0.54,ChargerLaptopDanHP
225.9,0.539,65.9,11892,50,0.54,ChargerLaptopDanHP
225.9,0.539,65.9,11892,50,0.54,ChargerLaptopDanHP
225.9,0.539,65.9,11892,50,0.54,ChargerLaptopDanHP
225.9,0.539,65.9,11892,50,0.54,ChargerLaptopDanHP
225.9,0.539,65.9,11892,50,0.54,ChargerLaptopDanHP
225.9,0.539,65.9,11892,50,0.54,ChargerLaptopDanHP
225.9,0.539,65.9,11892,50,0.54,ChargerLaptopDanHP
225.9,0.539,65.9,11892,50,0.54,ChargerLaptopDanHP
226.1,0.514,62.4,11892,50,0.54,ChargerLaptopDanHP
226.1,0.514,62.4,11892,50,0.54,ChargerLaptopDanHP
226.1,0.514,62.4,11892,50,0.54,ChargerLaptopDanHP
226.1,0.514,62.4,11892,50,0.54,ChargerLaptopDanHP
226.1,0.514,62.4,11892,50,0.54,ChargerLaptopDanHP
226.1,0.514,62.4,11892,50,0.54,ChargerLaptopDanHP
226.1,0.514,62.4,11892,50,0.54,ChargerLaptopDanHP
226.1,0.514,62.4,11892,50,0.54,ChargerLaptopDanHP
226.1,0.514,62.4,11892,50,0.54,ChargerLaptopDanHP
226.1,0.514,62.4,11892,50,0.54,ChargerLaptopDanHP
226.1,0.514,62.4,11892,50,0.54,ChargerLaptopDanHP
