223.9,0,0,11853,50,0,Charger Hp Bram
223.9,0,0,11853,50,0,Charger Hp Bram
223.9,0,0,11853,50,0,Charger Hp Bram
223.9,0,0,11853,50,0,Charger Hp Bram
223.9,0,0,11853,50,0,Charger Hp Bram
223.9,0,0,11853,50,0,Charger Hp Bram
223.9,0,0,11853,50,0,Charger Hp Bram
223.9,0,0,11853,50,0,Charger Hp Bram
223.9,0,0,11853,50,0,Charger Hp Bram
223.9,0,0,11853,50,0,Charger Hp Bram
223.9,0,0,11853,50,0,Charger Hp Bram
223.9,0,0,11853,50,0,Charger Hp Bram
223.9,0,0,11853,50,0,Charger Hp Bram
223.9,0,0,11853,50,0,Charger Hp Bram
223.9,0,0,11853,50,0,Charger Hp Bram
223.9,0,0,11853,50,0,Charger Hp Bram
223.9,0,0,11853,50,0,Charger Hp Bram
223.9,0,0,11853,50,0,Charger Hp Bram
223.9,0,0,11853,50,0,Charger Hp Bram
223.9,0,0,11853,50,0,Charger Hp Bram
223.9,0,0,11853,50,0,Charger Hp Bram
223.9,0,0,11853,50,0,Charger Hp Bram
223.9,0,0,11853,50,0,Charger Hp Bram
223.9,0,0,11853,50,0,Charger Hp Bram
223.9,0,0,11853,50,0,Charger Hp Bram
223.9,0,0,11853,50,0,Charger Hp Bram
223.9,0,0,11853,50,0,Charger Hp Bram
223.9,0,0,11853,50,0,Charger Hp Bram
223.9,0,0,11853,50,0,Charger Hp Bram
223.7,0.168,9.9,11853,50,0.26,Charger Hp Bram
223.7,0.168,9.9,11853,50,0.26,Charger Hp Bram
223.7,0.168,9.9,11853,50,0.26,Charger Hp Bram
223.7,0.168,9.9,11853,50,0.26,Charger Hp Bram
223.7,0.168,9.9,11853,50,0.26,Charger Hp Bram
223.7,0.168,9.9,11853,50,0.26,Charger Hp Bram
223.7,0.168,9.9,11853,50,0.26,Charger Hp Bram
223.7,0.168,9.9,11853,50,0.26,Charger Hp Bram
223.7,0.168,9.9,11853,50,0.26,Charger Hp Bram
223.7,0.168,9.9,11853,50,0.26,Charger Hp Bram
223.7,0.168,9.9,11853,50,0.26,Charger Hp Bram
223.8,0.015,0.8,11853,50,0.24,Charger Hp Bram
223.8,0.015,0.8,11853,50,0.24,Charger Hp Bram
223.8,0.015,0.8,11853,50,0.24,Charger Hp Bram
223.8,0.015,0.8,11853,50,0.24,Charger Hp Bram
223.8,0.015,0.8,11853,50,0.24,Charger Hp Bram
223.8,0.015,0.8,11853,50,0.24,Charger Hp Bram
223.8,0.015,0.8,11853,50,0.24,Charger Hp Bram
223.8,0.015,0.8,11853,50,0.24,Charger Hp Bram
223.8,0.015,0.8,11853,50,0.24,Charger Hp Bram
223.8,0.015,0.8,11853,50,0.24,Charger Hp Bram
224,0.014,0.7,11853,50,0.22,Charger Hp Bram
224,0.014,0.7,11853,50,0.22,Charger Hp Bram
224,0.014,0.7,11853,50,0.22,Charger Hp Bram
224,0.014,0.7,11853,50,0.22,Charger Hp Bram
224,0.014,0.7,11853,50,0.22,Charger Hp Bram
224,0.014,0.7,11853,50,0.22,Charger Hp Bram
224,0.014,0.7,11853,50,0.22,Charger Hp Bram
224,0.014,0.7,11853,50,0.22,Charger Hp Bram
224,0.014,0.7,11853,50,0.22,Charger Hp Bram
224,0.014,0.7,11853,50,0.22,Charger Hp Bram
223.9,0.196,21.7,11853,50,0.49,Charger Hp Bram
223.9,0.196,21.7,11853,50,0.49,Charger Hp Bram
223.9,0.196,21.7,11853,50,0.49,Charger Hp Bram
223.9,0.196,21.7,11853,50,0.49,Charger Hp Bram
223.9,0.196,21.7,11853,50,0.49,Charger Hp Bram
223.9,0.196,21.7,11853,50,0.49,Charger Hp Bram
223.9,0.196,21.7,11853,50,0.49,Charger Hp Bram
223.9,0.196,21.7,11853,50,0.49,Charger Hp Bram
223.9,0.196,21.7,11853,50,0.49,Charger Hp Bram
223.9,0.196,21.7,11853,50,0.49,Charger Hp Bram
223.7,0.292,34,11853,50,0.52,Charger Hp Bram
223.7,0.292,34,11853,50,0.52,Charger Hp Bram
223.7,0.292,34,11853,50,0.52,Charger Hp Bram
223.7,0.292,34,11853,50,0.52,Charger Hp Bram
223.7,0.292,34,11853,50,0.52,Charger Hp Bram
223.7,0.292,34,11853,50,0.52,Charger Hp Bram
223.7,0.292,34,11853,50,0.52,Charger Hp Bram
223.7,0.292,34,11853,50,0.52,Charger Hp Bram
223.7,0.292,34,11853,50,0.52,Charger Hp Bram
223.7,0.292,34,11853,50,0.52,Charger Hp Bram
223.7,0.292,34,11853,50,0.52,Charger Hp Bram
223.7,0.292,34,11853,50,0.52,Charger Hp Bram
223.5,0.412,49.6,11853,50,0.54,Charger Hp Bram
223.5,0.412,49.6,11853,50,0.54,Charger Hp Bram
223.5,0.412,49.6,11853,50,0.54,Charger Hp Bram
223.5,0.412,49.6,11853,50,0.54,Charger Hp Bram
223.5,0.412,49.6,11853,50,0.54,Charger Hp Bram
223.5,0.412,49.6,11853,50,0.54,Charger Hp Bram
223.5,0.412,49.6,11853,50,0.54,Charger Hp Bram
223.5,0.412,49.6,11853,50,0.54,Charger Hp Bram
223.5,0.412,49.6,11853,50,0.54,Charger Hp Bram
223.5,0.412,49.6,11853,50,0.54,Charger Hp Bram
223.3,0.591,75.9,11853,50,0.58,Charger Hp Bram
223.3,0.591,75.9,11853,50,0.58,Charger Hp Bram
223.3,0.591,75.9,11853,50,0.58,Charger Hp Bram
223.3,0.591,75.9,11853,50,0.58,Charger Hp Bram
223.3,0.591,75.9,11853,50,0.58,Charger Hp Bram
223.3,0.591,75.9,11853,50,0.58,Charger Hp Bram
223.3,0.591,75.9,11853,50,0.58,Charger Hp Bram
223.3,0.591,75.9,11853,50,0.58,Charger Hp Bram
223.3,0.591,75.9,11853,50,0.58,Charger Hp Bram
223.3,0.591,75.9,11853,50,0.58,Charger Hp Bram
223.3,0.587,75.2,11853,50,0.57,Charger Hp Bram
223.3,0.587,75.2,11853,50,0.57,Charger Hp Bram
223.3,0.587,75.2,11853,50,0.57,Charger Hp Bram
223.3,0.587,75.2,11853,50,0.57,Charger Hp Bram
223.3,0.587,75.2,11853,50,0.57,Charger Hp Bram
223.3,0.587,75.2,11853,50,0.57,Charger Hp Bram
223.3,0.587,75.2,11853,50,0.57,Charger Hp Bram
223.3,0.587,75.2,11853,50,0.57,Charger Hp Bram
223.3,0.587,75.2,11853,50,0.57,Charger Hp Bram
223.3,0.587,75.2,11853,50,0.57,Charger Hp Bram
223.6,0.585,75.1,11853,50,0.57,Charger Hp Bram
223.6,0.585,75.1,11853,50,0.57,Charger Hp Bram
223.6,0.585,75.1,11853,50,0.57,Charger Hp Bram
223.6,0.585,75.1,11853,50,0.57,Charger Hp Bram
223.6,0.585,75.1,11853,50,0.57,Charger Hp Bram
223.6,0.585,75.1,11853,50,0.57,Charger Hp Bram
223.6,0.585,75.1,11853,50,0.57,Charger Hp Bram
223.6,0.585,75.1,11853,50,0.57,Charger Hp Bram
223.6,0.585,75.1,11853,50,0.57,Charger Hp Bram
223.6,0.585,75.1,11853,50,0.57,Charger Hp Bram
223.5,0.615,79.2,11853,50,0.58,Charger Hp Bram
223.5,0.615,79.2,11853,50,0.58,Charger Hp Bram
223.5,0.615,79.2,11853,50,0.58,Charger Hp Bram
223.5,0.615,79.2,11853,50,0.58,Charger Hp Bram
223.5,0.615,79.2,11853,50,0.58,Charger Hp Bram
223.5,0.615,79.2,11853,50,0.58,Charger Hp Bram
223.5,0.615,79.2,11853,50,0.58,Charger Hp Bram
223.5,0.615,79.2,11853,50,0.58,Charger Hp Bram
223.5,0.615,79.2,11853,50,0.58,Charger Hp Bram
223.5,0.615,79.2,11853,50,0.58,Charger Hp Bram
223.5,0.615,79.2,11853,50,0.58,Charger Hp Bram
223.4,0.617,79.3,11853,50,0.58,Charger Hp Bram
223.4,0.617,79.3,11853,50,0.58,Charger Hp Bram
223.4,0.617,79.3,11853,50,0.58,Charger Hp Bram
223.4,0.617,79.3,11853,50,0.58,Charger Hp Bram
223.4,0.617,79.3,11853,50,0.58,Charger Hp Bram
223.4,0.617,79.3,11853,50,0.58,Charger Hp Bram
223.4,0.617,79.3,11853,50,0.58,Charger Hp Bram
223.4,0.617,79.3,11853,50,0.58,Charger Hp Bram
223.4,0.617,79.3,11853,50,0.58,Charger Hp Bram
223.4,0.617,79.3,11853,50,0.58,Charger Hp Bram
223.4,0.599,76.9,11853,50,0.57,Charger Hp Bram
223.4,0.599,76.9,11853,50,0.57,Charger Hp Bram
223.4,0.599,76.9,11853,50,0.57,Charger Hp Bram
223.4,0.599,76.9,11853,50,0.57,Charger Hp Bram
223.4,0.599,76.9,11853,50,0.57,Charger Hp Bram
223.4,0.599,76.9,11853,50,0.57,Charger Hp Bram
223.4,0.599,76.9,11853,50,0.57,Charger Hp Bram
223.4,0.599,76.9,11853,50,0.57,Charger Hp Bram
223.4,0.599,76.9,11853,50,0.57,Charger Hp Bram
223.4,0.599,76.9,11853,50,0.57,Charger Hp Bram
223.6,0.615,79.1,11853,50,0.58,Charger Hp Bram
223.6,0.615,79.1,11853,50,0.58,Charger Hp Bram
223.6,0.615,79.1,11853,50,0.58,Charger Hp Bram
223.6,0.615,79.1,11853,50,0.58,Charger Hp Bram
223.6,0.615,79.1,11853,50,0.58,Charger Hp Bram
223.6,0.615,79.1,11853,50,0.58,Charger Hp Bram
223.6,0.615,79.1,11853,50,0.58,Charger Hp Bram
223.6,0.615,79.1,11853,50,0.58,Charger Hp Bram
223.6,0.615,79.1,11853,50,0.58,Charger Hp Bram
223.6,0.615,79.1,11853,50,0.58,Charger Hp Bram
223.7,0.615,79.2,11853,50,0.58,Charger Hp Bram
223.7,0.615,79.2,11853,50,0.58,Charger Hp Bram
223.7,0.615,79.2,11853,50,0.58,Charger Hp Bram
223.7,0.615,79.2,11853,50,0.58,Charger Hp Bram
223.7,0.615,79.2,11853,50,0.58,Charger Hp Bram
223.7,0.615,79.2,11853,50,0.58,Charger Hp Bram
223.7,0.615,79.2,11853,50,0.58,Charger Hp Bram
223.7,0.615,79.2,11853,50,0.58,Charger Hp Bram
223.7,0.615,79.2,11853,50,0.58,Charger Hp Bram
223.7,0.615,79.2,11853,50,0.58,Charger Hp Bram
223.7,0.615,79.2,11853,50,0.58,Charger Hp Bram
223.7,0.615,79.2,11853,50,0.58,Charger Hp Bram
223.5,0.582,74.1,11853,50,0.57,Charger Hp Bram
223.5,0.582,74.1,11853,50,0.57,Charger Hp Bram
223.5,0.582,74.1,11853,50,0.57,Charger Hp Bram
223.5,0.582,74.1,11853,50,0.57,Charger Hp Bram
223.5,0.582,74.1,11853,50,0.57,Charger Hp Bram
223.5,0.582,74.1,11853,50,0.57,Charger Hp Bram
223.5,0.582,74.1,11853,50,0.57,Charger Hp Bram
223.5,0.582,74.1,11853,50,0.57,Charger Hp Bram
223.5,0.582,74.1,11853,50,0.57,Charger Hp Bram
223.3,0.601,76.7,11854,50,0.57,Charger Hp Bram
223.3,0.601,76.7,11854,50,0.57,Charger Hp Bram
223.3,0.601,76.7,11854,50,0.57,Charger Hp Bram
223.3,0.601,76.7,11854,50,0.57,Charger Hp Bram
223.3,0.601,76.7,11854,50,0.57,Charger Hp Bram
223.3,0.601,76.7,11854,50,0.57,Charger Hp Bram
223.3,0.601,76.7,11854,50,0.57,Charger Hp Bram
223.3,0.601,76.7,11854,50,0.57,Charger Hp Bram
223.3,0.601,76.7,11854,50,0.57,Charger Hp Bram
223.3,0.601,76.7,11854,50,0.57,Charger Hp Bram
223.4,0.614,78.7,11854,50,0.57,Charger Hp Bram
223.4,0.614,78.7,11854,50,0.57,Charger Hp Bram
223.4,0.614,78.7,11854,50,0.57,Charger Hp Bram
223.4,0.614,78.7,11854,50,0.57,Charger Hp Bram
223.4,0.614,78.7,11854,50,0.57,Charger Hp Bram
223.4,0.614,78.7,11854,50,0.57,Charger Hp Bram
223.4,0.614,78.7,11854,50,0.57,Charger Hp Bram
223.4,0.614,78.7,11854,50,0.57,Charger Hp Bram
223.4,0.614,78.7,11854,50,0.57,Charger Hp Bram
223.4,0.614,78.7,11854,50,0.57,Charger Hp Bram
223.3,0.619,79.1,11854,50,0.57,Charger Hp Bram
223.3,0.619,79.1,11854,50,0.57,Charger Hp Bram
223.3,0.619,79.1,11854,50,0.57,Charger Hp Bram
223.3,0.619,79.1,11854,50,0.57,Charger Hp Bram
223.3,0.619,79.1,11854,50,0.57,Charger Hp Bram
223.3,0.619,79.1,11854,50,0.57,Charger Hp Bram
223.3,0.619,79.1,11854,50,0.57,Charger Hp Bram
223.3,0.619,79.1,11854,50,0.57,Charger Hp Bram
223.3,0.619,79.1,11854,50,0.57,Charger Hp Bram
223.3,0.619,79.1,11854,50,0.57,Charger Hp Bram
223.3,0.619,79.1,11854,50,0.57,Charger Hp Bram
223.3,0.619,79.1,11854,50,0.57,Charger Hp Bram
223.2,0.623,79.2,11854,50,0.57,Charger Hp Bram
223.2,0.623,79.2,11854,50,0.57,Charger Hp Bram
223.2,0.623,79.2,11854,50,0.57,Charger Hp Bram
223.2,0.623,79.2,11854,50,0.57,Charger Hp Bram
223.2,0.623,79.2,11854,50,0.57,Charger Hp Bram
223.2,0.623,79.2,11854,50,0.57,Charger Hp Bram
223.2,0.623,79.2,11854,50,0.57,Charger Hp Bram
223.2,0.623,79.2,11854,50,0.57,Charger Hp Bram
223.2,0.623,79.2,11854,50,0.57,Charger Hp Bram
223.2,0.623,79.2,11854,50,0.57,Charger Hp Bram
223.4,0.614,78.5,11854,50,0.57,Charger Hp Bram
223.4,0.614,78.5,11854,50,0.57,Charger Hp Bram
223.4,0.614,78.5,11854,50,0.57,Charger Hp Bram
223.4,0.614,78.5,11854,50,0.57,Charger Hp Bram
223.4,0.614,78.5,11854,50,0.57,Charger Hp Bram
223.4,0.614,78.5,11854,50,0.57,Charger Hp Bram
223.4,0.614,78.5,11854,50,0.57,Charger Hp Bram
223.4,0.614,78.5,11854,50,0.57,Charger Hp Bram
223.4,0.614,78.5,11854,50,0.57,Charger Hp Bram
223.4,0.614,78.5,11854,50,0.57,Charger Hp Bram
223.2,0.59,75,11854,50,0.57,Charger Hp Bram
223.2,0.59,75,11854,50,0.57,Charger Hp Bram
223.2,0.59,75,11854,50,0.57,Charger Hp Bram
223.2,0.59,75,11854,50,0.57,Charger Hp Bram
223.2,0.59,75,11854,50,0.57,Charger Hp Bram
223.2,0.59,75,11854,50,0.57,Charger Hp Bram
223.2,0.59,75,11854,50,0.57,Charger Hp Bram
223.2,0.59,75,11854,50,0.57,Charger Hp Bram
223.2,0.59,75,11854,50,0.57,Charger Hp Bram
223.2,0.59,75,11854,50,0.57,Charger Hp Bram
223.3,0.607,77.4,11854,50,0.57,Charger Hp Bram
223.3,0.607,77.4,11854,50,0.57,Charger Hp Bram
223.3,0.607,77.4,11854,50,0.57,Charger Hp Bram
223.3,0.607,77.4,11854,50,0.57,Charger Hp Bram
223.3,0.607,77.4,11854,50,0.57,Charger Hp Bram
223.3,0.607,77.4,11854,50,0.57,Charger Hp Bram
223.3,0.607,77.4,11854,50,0.57,Charger Hp Bram
223.3,0.607,77.4,11854,50,0.57,Charger Hp Bram
223.3,0.607,77.4,11854,50,0.57,Charger Hp Bram
223.3,0.607,77.4,11854,50,0.57,Charger Hp Bram
223.3,0.594,75.6,11854,50,0.57,Charger Hp Bram
223.3,0.594,75.6,11854,50,0.57,Charger Hp Bram
223.3,0.594,75.6,11854,50,0.57,Charger Hp Bram
223.3,0.594,75.6,11854,50,0.57,Charger Hp Bram
223.3,0.594,75.6,11854,50,0.57,Charger Hp Bram
223.3,0.594,75.6,11854,50,0.57,Charger Hp Bram
223.3,0.594,75.6,11854,50,0.57,Charger Hp Bram
223.3,0.594,75.6,11854,50,0.57,Charger Hp Bram
223.3,0.594,75.6,11854,50,0.57,Charger Hp Bram
223.3,0.594,75.6,11854,50,0.57,Charger Hp Bram
223.3,0.594,75.6,11854,50,0.57,Charger Hp Bram
223.3,0.594,75.6,11854,50,0.57,Charger Hp Bram
223.3,0.621,79.2,11854,50,0.57,Charger Hp Bram
223.3,0.621,79.2,11854,50,0.57,Charger Hp Bram
223.3,0.621,79.2,11854,50,0.57,Charger Hp Bram
223.3,0.621,79.2,11854,50,0.57,Charger Hp Bram
223.3,0.621,79.2,11854,50,0.57,Charger Hp Bram
223.3,0.621,79.2,11854,50,0.57,Charger Hp Bram
223.3,0.621,79.2,11854,50,0.57,Charger Hp Bram
223.3,0.621,79.2,11854,50,0.57,Charger Hp Bram
223.3,0.621,79.2,11854,50,0.57,Charger Hp Bram
223.3,0.621,79.2,11854,50,0.57,Charger Hp Bram
223.3,0.421,55.2,11854,50,0.59,Charger Hp Bram
223.3,0.421,55.2,11854,50,0.59,Charger Hp Bram
223.3,0.421,55.2,11854,50,0.59,Charger Hp Bram
223.3,0.421,55.2,11854,50,0.59,Charger Hp Bram
223.3,0.421,55.2,11854,50,0.59,Charger Hp Bram
223.3,0.421,55.2,11854,50,0.59,Charger Hp Bram
223.3,0.421,55.2,11854,50,0.59,Charger Hp Bram
223.3,0.421,55.2,11854,50,0.59,Charger Hp Bram
223.3,0.421,55.2,11854,50,0.59,Charger Hp Bram
223.3,0.421,55.2,11854,50,0.59,Charger Hp Bram
223.8,0.014,0.6,11854,50,0.19,Charger Hp Bram
223.8,0.014,0.6,11854,50,0.19,Charger Hp Bram
223.8,0.014,0.6,11854,50,0.19,Charger Hp Bram
223.8,0.014,0.6,11854,50,0.19,Charger Hp Bram
223.8,0.014,0.6,11854,50,0.19,Charger Hp Bram
223.8,0.014,0.6,11854,50,0.19,Charger Hp Bram
223.8,0.014,0.6,11854,50,0.19,Charger Hp Bram
223.8,0.014,0.6,11854,50,0.19,Charger Hp Bram
223.8,0.014,0.6,11854,50,0.19,Charger Hp Bram
224,0.014,0.6,11854,50,0.19,Charger Hp Bram
224,0.014,0.6,11854,50,0.19,Charger Hp Bram
224,0.014,0.6,11854,50,0.19,Charger Hp Bram
224,0.014,0.6,11854,50,0.19,Charger Hp Bram
224,0.014,0.6,11854,50,0.19,Charger Hp Bram
224,0.014,0.6,11854,50,0.19,Charger Hp Bram
224,0.014,0.6,11854,50,0.19,Charger Hp Bram
224,0.014,0.6,11854,50,0.19,Charger Hp Bram
224,0.014,0.6,11854,50,0.19,Charger Hp Bram
