226.6,0.319,26.8,11919,50,0.37,SolderdanLaptop
226.6,0.319,26.8,11919,50,0.37,SolderdanLaptop
226.6,0.319,26.8,11919,49.9,0.37,SolderdanLaptop
226.6,0.319,26.8,11919,49.9,0.37,SolderdanLaptop
226.6,0.319,26.8,11919,49.9,0.37,SolderdanLaptop
226.6,0.319,26.8,11919,49.9,0.37,SolderdanLaptop
226.6,0.319,26.8,11919,49.9,0.37,SolderdanLaptop
226.6,0.319,26.8,11919,50,0.37,SolderdanLaptop
226.6,0.319,26.8,11920,50,0.37,SolderdanLaptop
226.6,0.319,26.8,11920,50,0.37,SolderdanLaptop
226.6,0.319,26.8,11920,49.9,0.37,SolderdanLaptop
226.6,0.319,26.8,11920,49.9,0.37,SolderdanLaptop
226.4,0.327,45.1,11920,49.9,0.61,SolderdanLaptop
226.4,0.327,45.1,11920,49.9,0.61,SolderdanLaptop
226.4,0.327,45.1,11920,49.9,0.61,SolderdanLaptop
226.4,0.327,45.1,11920,50,0.61,SolderdanLaptop
226.4,0.327,45.1,11920,50,0.61,SolderdanLaptop
226.4,0.327,45.1,11920,50,0.61,SolderdanLaptop
226.4,0.327,45.1,11920,49.9,0.61,SolderdanLaptop
226.4,0.327,45.1,11920,49.9,0.61,SolderdanLaptop
226.4,0.327,45.1,11920,49.9,0.61,SolderdanLaptop
226.4,0.327,45.1,11920,49.9,0.61,SolderdanLaptop
226.4,0.432,61,11920,49.9,0.62,SolderdanLaptop
226.4,0.432,61,11920,50,0.62,SolderdanLaptop
226.4,0.432,61,11920,50,0.62,SolderdanLaptop
226.4,0.432,61,11920,50,0.62,SolderdanLaptop
226.4,0.432,61,11920,50,0.62,SolderdanLaptop
226.4,0.432,61,11920,49.9,0.62,SolderdanLaptop
226.4,0.432,61,11920,49.9,0.62,SolderdanLaptop
226.4,0.432,61,11920,49.9,0.62,SolderdanLaptop
226.4,0.432,61,11920,49.9,0.62,SolderdanLaptop
226.4,0.432,61,11920,49.9,0.62,SolderdanLaptop
226.6,0.635,93.4,11920,50,0.65,SolderdanLaptop
226.6,0.635,93.4,11920,50,0.65,SolderdanLaptop
226.6,0.635,93.4,11920,50,0.65,SolderdanLaptop
226.6,0.635,93.4,11920,50,0.65,SolderdanLaptop
226.6,0.635,93.4,11920,50,0.65,SolderdanLaptop
226.6,0.635,93.4,11920,49.9,0.65,SolderdanLaptop
226.6,0.635,93.4,11920,49.9,0.65,SolderdanLaptop
226.6,0.635,93.4,11920,49.9,0.65,SolderdanLaptop
226.6,0.635,93.4,11920,50,0.65,SolderdanLaptop
226.6,0.635,93.4,11920,50,0.65,SolderdanLaptop
226.7,0.624,90.7,11920,49.9,0.64,SolderdanLaptop
226.7,0.624,90.7,11920,49.9,0.64,SolderdanLaptop
226.7,0.624,90.7,11920,49.9,0.64,SolderdanLaptop
226.7,0.624,90.7,11920,49.9,0.64,SolderdanLaptop
226.7,0.624,90.7,11920,50,0.64,SolderdanLaptop
226.7,0.624,90.7,11920,50,0.64,SolderdanLaptop
226.7,0.624,90.7,11920,50,0.64,SolderdanLaptop
226.7,0.624,90.7,11920,50,0.64,SolderdanLaptop
226.7,0.624,90.7,11920,49.9,0.64,SolderdanLaptop
226.7,0.624,90.7,11920,49.9,0.64,SolderdanLaptop
226.7,0.624,90.7,11920,49.9,0.64,SolderdanLaptop
226.5,0.632,91.9,11920,50,0.64,SolderdanLaptop
226.5,0.632,91.9,11920,50,0.64,SolderdanLaptop
226.5,0.632,91.9,11920,49.9,0.64,SolderdanLaptop
226.5,0.632,91.9,11920,49.9,0.64,SolderdanLaptop
226.5,0.632,91.9,11920,49.9,0.64,SolderdanLaptop
226.5,0.632,91.9,11920,50,0.64,SolderdanLaptop
226.5,0.632,91.9,11920,50,0.64,SolderdanLaptop
226.5,0.632,91.9,11920,49.9,0.64,SolderdanLaptop
226.5,0.632,91.9,11920,49.9,0.64,SolderdanLaptop
226.5,0.632,91.9,11920,49.9,0.64,SolderdanLaptop
226.3,0.621,90.1,11920,50,0.64,SolderdanLaptop
226.3,0.621,90.1,11920,50,0.64,SolderdanLaptop
226.3,0.621,90.1,11920,50,0.64,SolderdanLaptop
226.3,0.621,90.1,11920,49.9,0.64,SolderdanLaptop
226.3,0.621,90.1,11920,49.9,0.64,SolderdanLaptop
226.3,0.621,90.1,11920,50,0.64,SolderdanLaptop
226.3,0.621,90.1,11920,50,0.64,SolderdanLaptop
226.3,0.621,90.1,11920,50,0.64,SolderdanLaptop
226.3,0.621,90.1,11920,49.9,0.64,SolderdanLaptop
226.3,0.621,90.1,11920,49.9,0.64,SolderdanLaptop
226.2,0.635,91.3,11920,50,0.64,SolderdanLaptop
226.2,0.635,91.3,11920,50,0.64,SolderdanLaptop
226.2,0.635,91.3,11920,50,0.64,SolderdanLaptop
226.2,0.635,91.3,11920,49.9,0.64,SolderdanLaptop
226.2,0.635,91.3,11920,49.9,0.64,SolderdanLaptop
226.2,0.635,91.3,11920,49.9,0.64,SolderdanLaptop
226.2,0.635,91.3,11920,49.9,0.64,SolderdanLaptop
226.2,0.635,91.3,11920,50,0.64,SolderdanLaptop
226.2,0.635,91.3,11920,49.9,0.64,SolderdanLaptop
226.2,0.635,91.3,11920,49.9,0.64,SolderdanLaptop
226.3,0.632,90.4,11920,49.9,0.63,SolderdanLaptop
226.3,0.632,90.4,11920,49.9,0.63,SolderdanLaptop
226.3,0.632,90.4,11920,50,0.63,SolderdanLaptop
226.3,0.632,90.4,11920,50,0.63,SolderdanLaptop
226.3,0.632,90.4,11920,50,0.63,SolderdanLaptop
226.3,0.632,90.4,11920,49.9,0.63,SolderdanLaptop
226.3,0.632,90.4,11920,49.9,0.63,SolderdanLaptop
226.3,0.632,90.4,11920,50,0.63,SolderdanLaptop
226.3,0.632,90.4,11920,50,0.63,SolderdanLaptop
226.3,0.632,90.4,11920,50,0.63,SolderdanLaptop
226.3,0.608,87.6,11920,50,0.64,SolderdanLaptop
226.3,0.608,87.6,11920,50,0.64,SolderdanLaptop
226.3,0.608,87.6,11920,49.9,0.64,SolderdanLaptop
226.3,0.608,87.6,11920,49.9,0.64,SolderdanLaptop
226.3,0.608,87.6,11920,49.9,0.64,SolderdanLaptop
226.3,0.608,87.6,11920,50,0.64,SolderdanLaptop
226.3,0.608,87.6,11920,50,0.64,SolderdanLaptop
226.3,0.608,87.6,11920,50,0.64,SolderdanLaptop
226.3,0.608,87.6,11920,49.9,0.64,SolderdanLaptop
226.3,0.608,87.6,11920,49.9,0.64,SolderdanLaptop
226.3,0.608,87.6,11920,50,0.64,SolderdanLaptop
226.4,0.638,91.1,11920,50,0.63,SolderdanLaptop
226.4,0.638,91.1,11920,50,0.63,SolderdanLaptop
226.4,0.638,91.1,11920,49.9,0.63,SolderdanLaptop
226.4,0.638,91.1,11920,49.9,0.63,SolderdanLaptop
226.4,0.638,91.1,11920,50,0.63,SolderdanLaptop
226.4,0.638,91.1,11920,50,0.63,SolderdanLaptop
226.4,0.638,91.1,11920,50,0.63,SolderdanLaptop
226.4,0.638,91.1,11920,49.9,0.63,SolderdanLaptop
226.4,0.638,91.1,11920,49.9,0.63,SolderdanLaptop
226.4,0.638,91.1,11920,49.9,0.63,SolderdanLaptop
226.4,0.621,88.9,11920,50,0.63,SolderdanLaptop
226.4,0.621,88.9,11920,50,0.63,SolderdanLaptop
226.4,0.621,88.9,11920,49.9,0.63,SolderdanLaptop
226.4,0.621,88.9,11920,49.9,0.63,SolderdanLaptop
226.4,0.621,88.9,11920,49.9,0.63,SolderdanLaptop
226.4,0.621,88.9,11920,49.9,0.63,SolderdanLaptop
226.4,0.621,88.9,11920,49.9,0.63,SolderdanLaptop
226.4,0.621,88.9,11920,50,0.63,SolderdanLaptop
226.4,0.621,88.9,11920,50,0.63,SolderdanLaptop
226.4,0.621,88.9,11920,50,0.63,SolderdanLaptop
226.3,0.618,88.1,11920,49.9,0.63,SolderdanLaptop
226.3,0.618,88.1,11920,49.9,0.63,SolderdanLaptop
226.3,0.618,88.1,11920,49.9,0.63,SolderdanLaptop
226.3,0.618,88.1,11920,49.9,0.63,SolderdanLaptop
226.3,0.618,88.1,11920,50,0.63,SolderdanLaptop
226.3,0.618,88.1,11920,49.9,0.63,SolderdanLaptop
226.3,0.618,88.1,11920,49.9,0.63,SolderdanLaptop
226.3,0.618,88.1,11920,49.9,0.63,SolderdanLaptop
226.3,0.618,88.1,11920,50,0.63,SolderdanLaptop
226.3,0.618,88.1,11920,50,0.63,SolderdanLaptop
226.4,0.603,86.1,11920,49.9,0.63,SolderdanLaptop
226.4,0.603,86.1,11920,49.9,0.63,SolderdanLaptop
226.4,0.603,86.1,11920,49.9,0.63,SolderdanLaptop
226.4,0.603,86.1,11920,50,0.63,SolderdanLaptop
226.4,0.603,86.1,11920,50,0.63,SolderdanLaptop
226.4,0.603,86.1,11920,50,0.63,SolderdanLaptop
226.4,0.603,86.1,11920,50,0.63,SolderdanLaptop
226.4,0.603,86.1,11920,49.9,0.63,SolderdanLaptop
226.4,0.603,86.1,11920,50,0.63,SolderdanLaptop
226.4,0.603,86.1,11920,50,0.63,SolderdanLaptop
226.4,0.603,86.1,11920,50,0.63,SolderdanLaptop
226.4,0.603,86.1,11920,50,0.63,SolderdanLaptop
226.4,0.614,87.1,11920,49.9,0.63,SolderdanLaptop
226.4,0.614,87.1,11920,50,0.63,SolderdanLaptop
226.4,0.614,87.1,11920,50,0.63,SolderdanLaptop
226.4,0.614,87.1,11920,50,0.63,SolderdanLaptop
226.4,0.614,87.1,11920,50,0.63,SolderdanLaptop
226.4,0.614,87.1,11920,49.9,0.63,SolderdanLaptop
226.4,0.614,87.1,11920,49.9,0.63,SolderdanLaptop
226.4,0.614,87.1,11920,49.9,0.63,SolderdanLaptop
226.4,0.614,87.1,11920,50,0.63,SolderdanLaptop
226.3,0.641,91.2,11920,50,0.63,SolderdanLaptop
226.3,0.641,91.2,11920,50,0.63,SolderdanLaptop
226.3,0.641,91.2,11920,50,0.63,SolderdanLaptop
226.3,0.641,91.2,11920,50,0.63,SolderdanLaptop
226.3,0.641,91.2,11920,49.9,0.63,SolderdanLaptop
226.3,0.641,91.2,11920,49.9,0.63,SolderdanLaptop
226.3,0.641,91.2,11920,49.9,0.63,SolderdanLaptop
226.3,0.641,91.2,11920,50,0.63,SolderdanLaptop
226.3,0.641,91.2,11920,50,0.63,SolderdanLaptop
226.3,0.641,91.2,11920,49.9,0.63,SolderdanLaptop
226,0.642,91.5,11920,49.9,0.63,SolderdanLaptop
226,0.642,91.5,11920,49.9,0.63,SolderdanLaptop
226,0.642,91.5,11920,50,0.63,SolderdanLaptop
226,0.642,91.5,11920,50,0.63,SolderdanLaptop
226,0.642,91.5,11920,49.9,0.63,SolderdanLaptop
226,0.642,91.5,11920,49.9,0.63,SolderdanLaptop
226,0.642,91.5,11920,49.9,0.63,SolderdanLaptop
226,0.642,91.5,11920,50,0.63,SolderdanLaptop
226,0.642,91.5,11920,50,0.63,SolderdanLaptop
226,0.642,91.5,11920,50,0.63,SolderdanLaptop
226.2,0.603,84.6,11920,49.9,0.62,SolderdanLaptop
226.2,0.603,84.6,11920,49.9,0.62,SolderdanLaptop
226.2,0.603,84.6,11920,50,0.62,SolderdanLaptop
226.2,0.603,84.6,11920,50,0.62,SolderdanLaptop
226.2,0.603,84.6,11920,50,0.62,SolderdanLaptop
226.2,0.603,84.6,11920,49.9,0.62,SolderdanLaptop
226.2,0.603,84.6,11920,49.9,0.62,SolderdanLaptop
226.2,0.603,84.6,11920,50,0.62,SolderdanLaptop
226.2,0.603,84.6,11920,50,0.62,SolderdanLaptop
226.2,0.603,84.6,11920,50,0.62,SolderdanLaptop
226.2,0.603,84.6,11920,49.9,0.62,SolderdanLaptop
226.2,0.603,84.6,11920,49.9,0.62,SolderdanLaptop
226.6,0.607,86,11920,49.9,0.63,SolderdanLaptop
226.6,0.607,86,11920,49.9,0.63,SolderdanLaptop
226.6,0.607,86,11920,50,0.63,SolderdanLaptop
226.6,0.607,86,11920,50,0.63,SolderdanLaptop
226.6,0.607,86,11920,50,0.63,SolderdanLaptop
226.6,0.607,86,11920,50,0.63,SolderdanLaptop
226.6,0.607,86,11920,50,0.63,SolderdanLaptop
226.6,0.607,86,11920,49.9,0.63,SolderdanLaptop
226.6,0.607,86,11920,50,0.63,SolderdanLaptop
226.6,0.607,86,11920,50,0.63,SolderdanLaptop
226.4,0.627,88.8,11920,50,0.63,SolderdanLaptop
226.4,0.627,88.8,11920,50,0.63,SolderdanLaptop
226.4,0.627,88.8,11920,49.9,0.63,SolderdanLaptop
226.4,0.627,88.8,11920,49.9,0.63,SolderdanLaptop
226.4,0.627,88.8,11920,49.9,0.63,SolderdanLaptop
226.4,0.627,88.8,11920,50,0.63,SolderdanLaptop
226.4,0.627,88.8,11920,50,0.63,SolderdanLaptop
226.4,0.627,88.8,11920,50,0.63,SolderdanLaptop
226.4,0.627,88.8,11920,50,0.63,SolderdanLaptop
226.4,0.627,88.8,11920,50,0.63,SolderdanLaptop
226.4,0.608,85.4,11920,49.9,0.62,SolderdanLaptop
226.4,0.608,85.4,11920,49.9,0.62,SolderdanLaptop
226.4,0.608,85.4,11920,50,0.62,SolderdanLaptop
226.4,0.608,85.4,11920,50,0.62,SolderdanLaptop
226.4,0.608,85.4,11920,50,0.62,SolderdanLaptop
226.4,0.608,85.4,11920,50,0.62,SolderdanLaptop
226.4,0.608,85.4,11920,50,0.62,SolderdanLaptop
226.4,0.608,85.4,11920,50,0.62,SolderdanLaptop
226.4,0.608,85.4,11920,49.9,0.62,SolderdanLaptop
226.4,0.608,85.4,11920,49.9,0.62,SolderdanLaptop
226.5,0.596,84.1,11920,50,0.62,SolderdanLaptop
226.5,0.596,84.1,11920,50,0.62,SolderdanLaptop
226.5,0.596,84.1,11920,50,0.62,SolderdanLaptop
226.5,0.596,84.1,11920,50,0.62,SolderdanLaptop
226.5,0.596,84.1,11920,50,0.62,SolderdanLaptop
226.5,0.596,84.1,11920,49.9,0.62,SolderdanLaptop
226.5,0.596,84.1,11920,49.9,0.62,SolderdanLaptop
226.5,0.596,84.1,11920,49.9,0.62,SolderdanLaptop
226.5,0.596,84.1,11920,50,0.62,SolderdanLaptop
226.5,0.596,84.1,11920,50,0.62,SolderdanLaptop
226.5,0.614,86.8,11920,50,0.62,SolderdanLaptop
226.5,0.614,86.8,11920,50,0.62,SolderdanLaptop
226.5,0.614,86.8,11920,50,0.62,SolderdanLaptop
226.5,0.614,86.8,11920,49.9,0.62,SolderdanLaptop
226.5,0.614,86.8,11920,49.9,0.62,SolderdanLaptop
226.5,0.614,86.8,11920,49.9,0.62,SolderdanLaptop
226.5,0.614,86.8,11920,50,0.62,SolderdanLaptop
226.5,0.614,86.8,11920,50,0.62,SolderdanLaptop
226.5,0.614,86.8,11920,50,0.62,SolderdanLaptop
226.5,0.614,86.8,11920,50,0.62,SolderdanLaptop
226.5,0.614,86.8,11920,50,0.62,SolderdanLaptop
226.5,0.612,85.8,11920,50,0.62,SolderdanLaptop
226.5,0.612,85.8,11920,50,0.62,SolderdanLaptop
226.5,0.612,85.8,11920,50,0.62,SolderdanLaptop
226.5,0.612,85.8,11920,50,0.62,SolderdanLaptop
226.5,0.612,85.8,11920,49.9,0.62,SolderdanLaptop
226.5,0.612,85.8,11920,50,0.62,SolderdanLaptop
226.5,0.612,85.8,11920,50,0.62,SolderdanLaptop
226.5,0.612,85.8,11920,50,0.62,SolderdanLaptop
226.5,0.612,85.8,11920,50,0.62,SolderdanLaptop
226.5,0.612,85.8,11920,50,0.62,SolderdanLaptop
226.5,0.6,84.2,11920,50,0.62,SolderdanLaptop
226.5,0.6,84.2,11920,50,0.62,SolderdanLaptop
226.5,0.6,84.2,11920,50,0.62,SolderdanLaptop
226.5,0.6,84.2,11920,50,0.62,SolderdanLaptop
226.5,0.6,84.2,11920,49.9,0.62,SolderdanLaptop
226.5,0.6,84.2,11920,49.9,0.62,SolderdanLaptop
226.5,0.6,84.2,11920,49.9,0.62,SolderdanLaptop
226.5,0.6,84.2,11920,50,0.62,SolderdanLaptop
226.5,0.6,84.2,11920,50,0.62,SolderdanLaptop
226.5,0.6,84.2,11920,50,0.62,SolderdanLaptop
226.4,0.605,85,11920,50,0.62,SolderdanLaptop
226.4,0.605,85,11920,50,0.62,SolderdanLaptop
226.4,0.605,85,11920,50,0.62,SolderdanLaptop
226.4,0.605,85,11920,50,0.62,SolderdanLaptop
226.4,0.605,85,11920,50,0.62,SolderdanLaptop
226.4,0.605,85,11920,50,0.62,SolderdanLaptop
226.4,0.605,85,11920,50,0.62,SolderdanLaptop
226.4,0.605,85,11920,50,0.62,SolderdanLaptop
226.4,0.605,85,11920,50,0.62,SolderdanLaptop
226.4,0.605,85,11920,50,0.62,SolderdanLaptop
226.5,0.607,85.1,11920,49.9,0.62,SolderdanLaptop
226.5,0.607,85.1,11920,49.9,0.62,SolderdanLaptop
226.5,0.607,85.1,11920,50,0.62,SolderdanLaptop
226.5,0.607,85.1,11920,50,0.62,SolderdanLaptop
226.5,0.607,85.1,11920,50,0.62,SolderdanLaptop
226.5,0.607,85.1,11920,50,0.62,SolderdanLaptop
226.5,0.607,85.1,11920,50,0.62,SolderdanLaptop
226.5,0.607,85.1,11920,50,0.62,SolderdanLaptop
226.5,0.607,85.1,11920,50,0.62,SolderdanLaptop
226.5,0.607,85.1,11920,50,0.62,SolderdanLaptop
226.5,0.607,85.1,11920,50,0.62,SolderdanLaptop
226.5,0.607,85.1,11920,50,0.62,SolderdanLaptop
226.6,0.601,84.5,11920,50,0.62,SolderdanLaptop
226.6,0.601,84.5,11920,50,0.62,SolderdanLaptop
226.6,0.601,84.5,11920,50,0.62,SolderdanLaptop
226.6,0.601,84.5,11920,50,0.62,SolderdanLaptop
226.6,0.601,84.5,11920,50,0.62,SolderdanLaptop
226.6,0.601,84.5,11920,50,0.62,SolderdanLaptop
226.6,0.601,84.5,11920,50,0.62,SolderdanLaptop
226.6,0.601,84.5,11920,49.9,0.62,SolderdanLaptop
226.6,0.601,84.5,11920,49.9,0.62,SolderdanLaptop
226.6,0.601,84.5,11920,49.9,0.62,SolderdanLaptop
226.6,0.612,85.4,11920,50,0.62,SolderdanLaptop
226.6,0.612,85.4,11920,50,0.62,SolderdanLaptop
226.6,0.612,85.4,11920,50,0.62,SolderdanLaptop
226.6,0.612,85.4,11920,50,0.62,SolderdanLaptop
226.6,0.612,85.4,11920,50,0.62,SolderdanLaptop
226.6,0.612,85.4,11920,50,0.62,SolderdanLaptop
226.6,0.612,85.4,11920,50,0.62,SolderdanLaptop
226.6,0.612,85.4,11920,50,0.62,SolderdanLaptop
226.6,0.612,85.4,11920,50,0.62,SolderdanLaptop
226.6,0.612,85.4,11920,50,0.62,SolderdanLaptop
226.6,0.612,86.9,11920,50,0.63,SolderdanLaptop
226.6,0.612,86.9,11920,50,0.63,SolderdanLaptop
226.6,0.612,86.9,11920,50,0.63,SolderdanLaptop
226.6,0.612,86.9,11920,50,0.63,SolderdanLaptop
226.6,0.612,86.9,11920,50,0.63,SolderdanLaptop
226.6,0.612,86.9,11920,50,0.63,SolderdanLaptop
226.6,0.612,86.9,11920,50,0.63,SolderdanLaptop
226.6,0.612,86.9,11920,50,0.63,SolderdanLaptop
226.6,0.612,86.9,11920,50,0.63,SolderdanLaptop
226.6,0.612,86.9,11920,50,0.63,SolderdanLaptop
226.4,0.601,84.2,11920,50,0.62,SolderdanLaptop
226.4,0.601,84.2,11920,50,0.62,SolderdanLaptop
226.4,0.601,84.2,11920,50,0.62,SolderdanLaptop
226.4,0.601,84.2,11920,49.9,0.62,SolderdanLaptop
226.4,0.601,84.2,11920,49.9,0.62,SolderdanLaptop
226.4,0.601,84.2,11920,49.9,0.62,SolderdanLaptop
226.4,0.601,84.2,11920,49.9,0.62,SolderdanLaptop
226.4,0.601,84.2,11920,50,0.62,SolderdanLaptop
226.4,0.601,84.2,11920,50,0.62,SolderdanLaptop
226.4,0.601,84.2,11920,50,0.62,SolderdanLaptop
226.4,0.601,84.2,11920,50,0.62,SolderdanLaptop
226.4,0.601,84.2,11920,50,0.62,SolderdanLaptop
226.7,0.594,83.2,11920,50,0.62,SolderdanLaptop
226.7,0.594,83.2,11920,50,0.62,SolderdanLaptop
226.7,0.594,83.2,11920,50,0.62,SolderdanLaptop
226.7,0.594,83.2,11920,50,0.62,SolderdanLaptop
226.7,0.594,83.2,11920,50,0.62,SolderdanLaptop
226.7,0.594,83.2,11920,50,0.62,SolderdanLaptop
226.7,0.594,83.2,11920,50,0.62,SolderdanLaptop
226.7,0.594,83.2,11920,50,0.62,SolderdanLaptop
226.7,0.594,83.2,11920,50,0.62,SolderdanLaptop
226.7,0.594,83.2,11920,50,0.62,SolderdanLaptop
226.7,0.606,85.4,11920,50,0.62,SolderdanLaptop
226.7,0.606,85.4,11920,50,0.62,SolderdanLaptop
226.7,0.606,85.4,11920,50,0.62,SolderdanLaptop
226.7,0.606,85.4,11920,50,0.62,SolderdanLaptop
226.7,0.606,85.4,11920,50,0.62,SolderdanLaptop
226.7,0.606,85.4,11920,50,0.62,SolderdanLaptop
226.7,0.606,85.4,11920,50,0.62,SolderdanLaptop
226.7,0.606,85.4,11920,50,0.62,SolderdanLaptop
226.7,0.606,85.4,11920,49.9,0.62,SolderdanLaptop
226.7,0.606,85.4,11920,49.9,0.62,SolderdanLaptop
226.7,0.592,82.6,11920,49.9,0.62,SolderdanLaptop
226.7,0.592,82.6,11920,50,0.62,SolderdanLaptop
226.7,0.592,82.6,11920,50,0.62,SolderdanLaptop
226.7,0.592,82.6,11920,50,0.62,SolderdanLaptop
226.7,0.592,82.6,11920,50,0.62,SolderdanLaptop
226.7,0.592,82.6,11920,50,0.62,SolderdanLaptop
226.7,0.592,82.6,11920,50,0.62,SolderdanLaptop
226.7,0.592,82.6,11920,50,0.62,SolderdanLaptop
226.7,0.592,82.6,11920,50,0.62,SolderdanLaptop
226.7,0.592,82.6,11920,50,0.62,SolderdanLaptop
226.7,0.598,83.7,11920,50,0.62,SolderdanLaptop
226.7,0.598,83.7,11920,50,0.62,SolderdanLaptop
226.7,0.598,83.7,11920,50,0.62,SolderdanLaptop
226.7,0.598,83.7,11920,50,0.62,SolderdanLaptop
226.7,0.598,83.7,11920,50,0.62,SolderdanLaptop
226.7,0.598,83.7,11921,50,0.62,SolderdanLaptop
226.7,0.598,83.7,11921,50,0.62,SolderdanLaptop
226.7,0.598,83.7,11921,50,0.62,SolderdanLaptop
226.7,0.598,83.7,11921,50,0.62,SolderdanLaptop
226.7,0.598,83.7,11921,50,0.62,SolderdanLaptop
226.7,0.598,83.7,11921,50,0.62,SolderdanLaptop
226.6,0.603,84.5,11921,50,0.62,SolderdanLaptop
226.6,0.603,84.5,11921,50,0.62,SolderdanLaptop
226.6,0.603,84.5,11921,50,0.62,SolderdanLaptop
226.6,0.603,84.5,11921,50,0.62,SolderdanLaptop
226.6,0.603,84.5,11921,50,0.62,SolderdanLaptop
226.6,0.603,84.5,11921,50,0.62,SolderdanLaptop
226.6,0.603,84.5,11921,50,0.62,SolderdanLaptop
226.6,0.603,84.5,11921,50,0.62,SolderdanLaptop
226.6,0.603,84.5,11921,50,0.62,SolderdanLaptop
226.6,0.603,84.5,11921,50,0.62,SolderdanLaptop
226.6,0.587,82.1,11921,50,0.62,SolderdanLaptop
226.6,0.587,82.1,11921,50,0.62,SolderdanLaptop
226.6,0.587,82.1,11921,49.9,0.62,SolderdanLaptop
226.6,0.587,82.1,11921,49.9,0.62,SolderdanLaptop
226.6,0.587,82.1,11921,49.9,0.62,SolderdanLaptop
226.6,0.587,82.1,11921,50,0.62,SolderdanLaptop
226.6,0.587,82.1,11921,50,0.62,SolderdanLaptop
226.6,0.587,82.1,11921,50,0.62,SolderdanLaptop
226.6,0.587,82.1,11921,50,0.62,SolderdanLaptop
226.6,0.587,82.1,11921,50,0.62,SolderdanLaptop
226.6,0.591,82,11921,50,0.61,SolderdanLaptop
226.6,0.591,82,11921,50,0.61,SolderdanLaptop
226.6,0.591,82,11921,50,0.61,SolderdanLaptop
226.6,0.591,82,11921,50,0.61,SolderdanLaptop
226.6,0.591,82,11921,50,0.61,SolderdanLaptop
226.6,0.591,82,11921,50,0.61,SolderdanLaptop
226.6,0.591,82,11921,50,0.61,SolderdanLaptop
226.6,0.591,82,11921,50,0.61,SolderdanLaptop
226.6,0.591,82,11921,50,0.61,SolderdanLaptop
226.6,0.591,82,11921,50,0.61,SolderdanLaptop
226.4,0.594,82.9,11921,50,0.62,SolderdanLaptop
226.4,0.594,82.9,11921,50,0.62,SolderdanLaptop
226.4,0.594,82.9,11921,50,0.62,SolderdanLaptop
226.4,0.594,82.9,11921,50,0.62,SolderdanLaptop
226.4,0.594,82.9,11921,50,0.62,SolderdanLaptop
226.4,0.594,82.9,11921,50,0.62,SolderdanLaptop
226.4,0.594,82.9,11921,50,0.62,SolderdanLaptop
226.4,0.594,82.9,11921,50,0.62,SolderdanLaptop
226.4,0.594,82.9,11921,50,0.62,SolderdanLaptop
226.4,0.594,82.9,11921,50,0.62,SolderdanLaptop
227,0.588,81.9,11921,50,0.61,SolderdanLaptop
227,0.588,81.9,11921,50,0.61,SolderdanLaptop
227,0.588,81.9,11921,50,0.61,SolderdanLaptop
227,0.588,81.9,11921,50,0.61,SolderdanLaptop
227,0.588,81.9,11921,50,0.61,SolderdanLaptop
227,0.588,81.9,11921,50,0.61,SolderdanLaptop
227,0.588,81.9,11921,50,0.61,SolderdanLaptop
227,0.588,81.9,11921,50,0.61,SolderdanLaptop
227,0.588,81.9,11921,50,0.61,SolderdanLaptop
227,0.588,81.9,11921,50,0.61,SolderdanLaptop
227,0.588,81.9,11921,50,0.61,SolderdanLaptop
227.1,0.602,84.5,11921,50,0.62,SolderdanLaptop
227.1,0.602,84.5,11921,50,0.62,SolderdanLaptop
227.1,0.602,84.5,11921,50,0.62,SolderdanLaptop
227.1,0.602,84.5,11921,50,0.62,SolderdanLaptop
227.1,0.602,84.5,11921,50,0.62,SolderdanLaptop
227.1,0.602,84.5,11921,50,0.62,SolderdanLaptop
227.1,0.602,84.5,11921,50,0.62,SolderdanLaptop
227.1,0.602,84.5,11921,50,0.62,SolderdanLaptop
227.1,0.602,84.5,11921,50,0.62,SolderdanLaptop
227.1,0.602,84.5,11921,50,0.62,SolderdanLaptop
226.5,0.602,83.6,11921,50,0.61,SolderdanLaptop
226.5,0.602,83.6,11921,50,0.61,SolderdanLaptop
226.5,0.602,83.6,11921,50,0.61,SolderdanLaptop
226.5,0.602,83.6,11921,50,0.61,SolderdanLaptop
226.5,0.602,83.6,11921,50,0.61,SolderdanLaptop
226.5,0.602,83.6,11921,50,0.61,SolderdanLaptop
226.5,0.602,83.6,11921,50,0.61,SolderdanLaptop
226.5,0.602,83.6,11921,50,0.61,SolderdanLaptop
226.5,0.602,83.6,11921,50,0.61,SolderdanLaptop
226.5,0.602,83.6,11921,50,0.61,SolderdanLaptop
226.7,0.612,85.5,11921,50,0.62,SolderdanLaptop
226.7,0.612,85.5,11921,50,0.62,SolderdanLaptop
226.7,0.612,85.5,11921,49.9,0.62,SolderdanLaptop
226.7,0.612,85.5,11921,49.9,0.62,SolderdanLaptop
226.7,0.612,85.5,11921,49.9,0.62,SolderdanLaptop
226.7,0.612,85.5,11921,50,0.62,SolderdanLaptop
226.7,0.612,85.5,11921,50,0.62,SolderdanLaptop
226.7,0.612,85.5,11921,50,0.62,SolderdanLaptop
226.7,0.612,85.5,11921,50,0.62,SolderdanLaptop
226.7,0.612,85.5,11921,50,0.62,SolderdanLaptop
227,0.596,83.4,11921,50,0.62,SolderdanLaptop
227,0.596,83.4,11921,50,0.62,SolderdanLaptop
227,0.596,83.4,11921,50,0.62,SolderdanLaptop
227,0.596,83.4,11921,50,0.62,SolderdanLaptop
227,0.596,83.4,11921,50,0.62,SolderdanLaptop
227,0.596,83.4,11921,50,0.62,SolderdanLaptop
227,0.596,83.4,11921,50,0.62,SolderdanLaptop
227,0.596,83.4,11921,50,0.62,SolderdanLaptop
227,0.596,83.4,11921,50,0.62,SolderdanLaptop
227,0.596,83.4,11921,50,0.62,SolderdanLaptop
227,0.596,83.4,11921,49.9,0.62,SolderdanLaptop
227,0.596,83.4,11921,49.9,0.62,SolderdanLaptop
226.9,0.604,84.6,11921,49.9,0.62,SolderdanLaptop
226.9,0.604,84.6,11921,49.9,0.62,SolderdanLaptop
226.9,0.604,84.6,11921,50,0.62,SolderdanLaptop
226.9,0.604,84.6,11921,50,0.62,SolderdanLaptop
226.9,0.604,84.6,11921,50,0.62,SolderdanLaptop
226.9,0.604,84.6,11921,50,0.62,SolderdanLaptop
226.9,0.604,84.6,11921,50,0.62,SolderdanLaptop
226.9,0.604,84.6,11921,50,0.62,SolderdanLaptop
226.9,0.604,84.6,11921,50,0.62,SolderdanLaptop
226.9,0.604,84.6,11921,50,0.62,SolderdanLaptop
227,0.58,80.5,11921,50,0.61,SolderdanLaptop
227,0.58,80.5,11921,50,0.61,SolderdanLaptop
227,0.58,80.5,11921,50,0.61,SolderdanLaptop
227,0.58,80.5,11921,50,0.61,SolderdanLaptop
227,0.58,80.5,11921,50,0.61,SolderdanLaptop
227,0.58,80.5,11921,49.9,0.61,SolderdanLaptop
227,0.58,80.5,11921,49.9,0.61,SolderdanLaptop
227,0.58,80.5,11921,49.9,0.61,SolderdanLaptop
227,0.58,80.5,11921,50,0.61,SolderdanLaptop
227,0.58,80.5,11921,50,0.61,SolderdanLaptop
227.1,0.61,85.4,11921,50,0.62,SolderdanLaptop
227.1,0.61,85.4,11921,50,0.62,SolderdanLaptop
227.1,0.61,85.4,11921,50,0.62,SolderdanLaptop
227.1,0.61,85.4,11921,50,0.62,SolderdanLaptop
227.1,0.61,85.4,11921,50,0.62,SolderdanLaptop
227.1,0.61,85.4,11921,50,0.62,SolderdanLaptop
227.1,0.61,85.4,11921,50,0.62,SolderdanLaptop
227.1,0.61,85.4,11921,50,0.62,SolderdanLaptop
227.1,0.61,85.4,11921,50,0.62,SolderdanLaptop
227.1,0.61,85.4,11921,50,0.62,SolderdanLaptop
227.1,0.591,82.3,11921,50,0.61,SolderdanLaptop
227.1,0.591,82.3,11921,50,0.61,SolderdanLaptop
227.1,0.591,82.3,11921,49.9,0.61,SolderdanLaptop
227.1,0.591,82.3,11921,50,0.61,SolderdanLaptop
227.1,0.591,82.3,11921,50,0.61,SolderdanLaptop
227.1,0.591,82.3,11921,50,0.61,SolderdanLaptop
227.1,0.591,82.3,11921,50,0.61,SolderdanLaptop
227.1,0.591,82.3,11921,50,0.61,SolderdanLaptop
227.1,0.591,82.3,11921,50,0.61,SolderdanLaptop
227.1,0.591,82.3,11921,50,0.61,SolderdanLaptop
227.1,0.591,82.3,11921,50,0.61,SolderdanLaptop
227.1,0.587,81.9,11921,50,0.61,SolderdanLaptop
227.1,0.587,81.9,11921,50,0.61,SolderdanLaptop
227.1,0.587,81.9,11921,50,0.61,SolderdanLaptop
227.1,0.587,81.9,11921,50,0.61,SolderdanLaptop
227.1,0.587,81.9,11921,49.9,0.61,SolderdanLaptop
227.1,0.587,81.9,11921,50,0.61,SolderdanLaptop
227.1,0.587,81.9,11921,50,0.61,SolderdanLaptop
227.1,0.587,81.9,11921,50,0.61,SolderdanLaptop
227.1,0.587,81.9,11921,50,0.61,SolderdanLaptop
227.1,0.587,81.9,11921,50,0.61,SolderdanLaptop
226.9,0.606,84.4,11921,50,0.61,SolderdanLaptop
226.9,0.606,84.4,11921,50,0.61,SolderdanLaptop
226.9,0.606,84.4,11921,50,0.61,SolderdanLaptop
226.9,0.606,84.4,11921,50,0.61,SolderdanLaptop
226.9,0.606,84.4,11921,50,0.61,SolderdanLaptop
226.9,0.606,84.4,11921,50,0.61,SolderdanLaptop
226.9,0.606,84.4,11921,50,0.61,SolderdanLaptop
226.9,0.606,84.4,11921,50,0.61,SolderdanLaptop
226.9,0.606,84.4,11921,50,0.61,SolderdanLaptop
226.9,0.606,84.4,11921,49.9,0.61,SolderdanLaptop
226.5,0.604,84.2,11921,49.9,0.62,SolderdanLaptop
226.5,0.604,84.2,11921,49.9,0.62,SolderdanLaptop
226.5,0.604,84.2,11921,50,0.62,SolderdanLaptop
226.5,0.604,84.2,11921,50,0.62,SolderdanLaptop
226.5,0.604,84.2,11921,50,0.62,SolderdanLaptop
226.5,0.604,84.2,11921,50,0.62,SolderdanLaptop
226.5,0.604,84.2,11921,50,0.62,SolderdanLaptop
226.5,0.604,84.2,11921,50,0.62,SolderdanLaptop
226.5,0.604,84.2,11921,50,0.62,SolderdanLaptop
226.5,0.604,84.2,11921,50,0.62,SolderdanLaptop
226.7,0.619,86.1,11921,49.9,0.61,SolderdanLaptop
226.7,0.619,86.1,11921,49.9,0.61,SolderdanLaptop
226.7,0.619,86.1,11921,50,0.61,SolderdanLaptop
226.7,0.619,86.1,11921,50,0.61,SolderdanLaptop
226.7,0.619,86.1,11921,50,0.61,SolderdanLaptop
226.7,0.619,86.1,11921,50,0.61,SolderdanLaptop
226.7,0.619,86.1,11921,50,0.61,SolderdanLaptop
226.7,0.619,86.1,11921,50,0.61,SolderdanLaptop
226.7,0.619,86.1,11921,50,0.61,SolderdanLaptop
226.7,0.619,86.1,11921,50,0.61,SolderdanLaptop
226.5,0.624,86.9,11921,50,0.61,SolderdanLaptop
226.5,0.624,86.9,11921,50,0.61,SolderdanLaptop
226.5,0.624,86.9,11921,50,0.61,SolderdanLaptop
226.5,0.624,86.9,11921,50,0.61,SolderdanLaptop
226.5,0.624,86.9,11921,50,0.61,SolderdanLaptop
226.5,0.624,86.9,11921,49.9,0.61,SolderdanLaptop
226.5,0.624,86.9,11921,49.9,0.61,SolderdanLaptop
226.5,0.624,86.9,11921,49.9,0.61,SolderdanLaptop
226.5,0.624,86.9,11921,50,0.61,SolderdanLaptop
226.5,0.624,86.9,11921,50,0.61,SolderdanLaptop
226.5,0.624,86.9,11921,50,0.61,SolderdanLaptop
226.5,0.624,86.9,11921,50,0.61,SolderdanLaptop
226.5,0.602,83.3,11921,50,0.61,SolderdanLaptop
226.5,0.602,83.3,11921,50,0.61,SolderdanLaptop
226.5,0.602,83.3,11921,50,0.61,SolderdanLaptop
226.5,0.602,83.3,11921,50,0.61,SolderdanLaptop
226.5,0.602,83.3,11921,50,0.61,SolderdanLaptop
226.5,0.602,83.3,11921,50,0.61,SolderdanLaptop
226.5,0.602,83.3,11921,50,0.61,SolderdanLaptop
226.5,0.602,83.3,11921,50,0.61,SolderdanLaptop
226.5,0.602,83.3,11921,50,0.61,SolderdanLaptop
226.5,0.602,83.3,11921,50,0.61,SolderdanLaptop
226.6,0.611,84.8,11921,50,0.61,SolderdanLaptop
226.6,0.611,84.8,11921,50,0.61,SolderdanLaptop
226.6,0.611,84.8,11921,50,0.61,SolderdanLaptop
226.6,0.611,84.8,11921,50,0.61,SolderdanLaptop
226.6,0.611,84.8,11921,50,0.61,SolderdanLaptop
226.6,0.611,84.8,11921,50,0.61,SolderdanLaptop
226.6,0.611,84.8,11921,50,0.61,SolderdanLaptop
226.6,0.611,84.8,11921,50,0.61,SolderdanLaptop
226.6,0.611,84.8,11921,49.9,0.61,SolderdanLaptop
226.6,0.611,84.8,11921,49.9,0.61,SolderdanLaptop
226.5,0.608,84.2,11921,50,0.61,SolderdanLaptop
226.5,0.608,84.2,11921,50,0.61,SolderdanLaptop
226.5,0.608,84.2,11921,50,0.61,SolderdanLaptop
226.5,0.608,84.2,11921,50,0.61,SolderdanLaptop
226.5,0.608,84.2,11921,50,0.61,SolderdanLaptop
226.5,0.608,84.2,11921,50,0.61,SolderdanLaptop
226.5,0.608,84.2,11921,50,0.61,SolderdanLaptop
226.5,0.608,84.2,11921,50,0.61,SolderdanLaptop
226.5,0.608,84.2,11921,49.9,0.61,SolderdanLaptop
226.5,0.608,84.2,11921,49.9,0.61,SolderdanLaptop
226.6,0.6,83.4,11921,49.9,0.61,SolderdanLaptop
226.6,0.6,83.4,11921,50,0.61,SolderdanLaptop
226.6,0.6,83.4,11921,50,0.61,SolderdanLaptop
226.6,0.6,83.4,11921,50,0.61,SolderdanLaptop
226.6,0.6,83.4,11921,50,0.61,SolderdanLaptop
226.6,0.6,83.4,11921,50,0.61,SolderdanLaptop
226.6,0.6,83.4,11921,50,0.61,SolderdanLaptop
226.6,0.6,83.4,11921,50,0.61,SolderdanLaptop
226.6,0.6,83.4,11921,50,0.61,SolderdanLaptop
226.6,0.6,83.4,11921,50,0.61,SolderdanLaptop
226.6,0.6,83.4,11921,49.9,0.61,SolderdanLaptop
226.6,0.6,83.4,11921,49.9,0.61,SolderdanLaptop
226.7,0.624,86.2,11921,50,0.61,SolderdanLaptop
226.7,0.624,86.2,11921,50,0.61,SolderdanLaptop
226.7,0.624,86.2,11921,50,0.61,SolderdanLaptop
226.7,0.624,86.2,11921,50,0.61,SolderdanLaptop
226.7,0.624,86.2,11921,50,0.61,SolderdanLaptop
226.7,0.624,86.2,11921,50,0.61,SolderdanLaptop
226.7,0.624,86.2,11921,50,0.61,SolderdanLaptop
226.7,0.624,86.2,11921,50,0.61,SolderdanLaptop
226.7,0.624,86.2,11921,49.9,0.61,SolderdanLaptop
226.7,0.605,84.2,11921,49.9,0.61,SolderdanLaptop
226.7,0.605,84.2,11921,49.9,0.61,SolderdanLaptop
226.7,0.605,84.2,11921,50,0.61,SolderdanLaptop
226.7,0.605,84.2,11921,50,0.61,SolderdanLaptop
226.7,0.605,84.2,11921,50,0.61,SolderdanLaptop
226.7,0.605,84.2,11921,50,0.61,SolderdanLaptop
226.7,0.605,84.2,11921,50,0.61,SolderdanLaptop
226.7,0.605,84.2,11921,50,0.61,SolderdanLaptop
226.7,0.605,84.2,11921,50,0.61,SolderdanLaptop
226.7,0.605,84.2,11921,50,0.61,SolderdanLaptop
226.6,0.599,83.5,11921,49.9,0.62,SolderdanLaptop
226.6,0.599,83.5,11921,49.9,0.62,SolderdanLaptop
226.6,0.599,83.5,11921,50,0.62,SolderdanLaptop
226.6,0.599,83.5,11921,50,0.62,SolderdanLaptop
226.6,0.599,83.5,11921,50,0.62,SolderdanLaptop
226.6,0.599,83.5,11921,50,0.62,SolderdanLaptop
226.6,0.599,83.5,11921,50,0.62,SolderdanLaptop
226.6,0.599,83.5,11921,50,0.62,SolderdanLaptop
226.6,0.599,83.5,11921,50,0.62,SolderdanLaptop
226.6,0.599,83.5,11921,50,0.62,SolderdanLaptop
227.1,0.613,84.9,11921,49.9,0.61,SolderdanLaptop
227.1,0.613,84.9,11921,49.9,0.61,SolderdanLaptop
227.1,0.613,84.9,11921,49.9,0.61,SolderdanLaptop
227.1,0.613,84.9,11921,49.9,0.61,SolderdanLaptop
227.1,0.613,84.9,11921,50,0.61,SolderdanLaptop
227.1,0.613,84.9,11921,50,0.61,SolderdanLaptop
227.1,0.613,84.9,11921,50,0.61,SolderdanLaptop
227.1,0.613,84.9,11921,50,0.61,SolderdanLaptop
227.1,0.613,84.9,11921,50,0.61,SolderdanLaptop
227.1,0.613,84.9,11921,50,0.61,SolderdanLaptop
227.1,0.613,84.9,11921,49.9,0.61,SolderdanLaptop
227.1,0.613,84.9,11921,49.9,0.61,SolderdanLaptop
227.1,0.603,83.8,11921,49.9,0.61,SolderdanLaptop
227.1,0.603,83.8,11921,49.9,0.61,SolderdanLaptop
227.1,0.603,83.8,11921,50,0.61,SolderdanLaptop
227.1,0.603,83.8,11921,50,0.61,SolderdanLaptop
227.1,0.603,83.8,11921,50,0.61,SolderdanLaptop
227.1,0.603,83.8,11921,50,0.61,SolderdanLaptop
227.1,0.603,83.8,11921,50,0.61,SolderdanLaptop
227.1,0.603,83.8,11921,50,0.61,SolderdanLaptop
227.1,0.603,83.8,11921,50,0.61,SolderdanLaptop
227.1,0.603,83.8,11921,50,0.61,SolderdanLaptop
226.7,0.609,84.7,11921,49.9,0.61,SolderdanLaptop
226.7,0.609,84.7,11921,50,0.61,SolderdanLaptop
226.7,0.609,84.7,11921,50,0.61,SolderdanLaptop
226.7,0.609,84.7,11921,50,0.61,SolderdanLaptop
226.7,0.609,84.7,11921,50,0.61,SolderdanLaptop
226.7,0.609,84.7,11921,50,0.61,SolderdanLaptop
226.7,0.609,84.7,11921,50,0.61,SolderdanLaptop
226.7,0.609,84.7,11921,50,0.61,SolderdanLaptop
226.7,0.609,84.7,11921,50,0.61,SolderdanLaptop
226.7,0.609,84.7,11921,50,0.61,SolderdanLaptop
226.7,0.617,85,11921,49.9,0.61,SolderdanLaptop
226.7,0.617,85,11921,49.9,0.61,SolderdanLaptop
226.7,0.617,85,11921,49.9,0.61,SolderdanLaptop
226.7,0.617,85,11921,50,0.61,SolderdanLaptop
226.7,0.617,85,11921,50,0.61,SolderdanLaptop
226.7,0.617,85,11921,50,0.61,SolderdanLaptop
226.7,0.617,85,11921,50,0.61,SolderdanLaptop
226.7,0.617,85,11921,50,0.61,SolderdanLaptop
226.7,0.617,85,11921,50,0.61,SolderdanLaptop
226.7,0.617,85,11921,50,0.61,SolderdanLaptop
226.8,0.6,83.1,11921,50,0.61,SolderdanLaptop
226.8,0.6,83.1,11921,50,0.61,SolderdanLaptop
226.8,0.6,83.1,11921,50,0.61,SolderdanLaptop
226.8,0.6,83.1,11921,50,0.61,SolderdanLaptop
226.8,0.6,83.1,11921,50,0.61,SolderdanLaptop
226.8,0.6,83.1,11921,50,0.61,SolderdanLaptop
226.8,0.6,83.1,11921,49.9,0.61,SolderdanLaptop
226.8,0.6,83.1,11921,49.9,0.61,SolderdanLaptop
226.8,0.6,83.1,11921,49.9,0.61,SolderdanLaptop
226.8,0.6,83.1,11921,49.9,0.61,SolderdanLaptop
226.8,0.6,84.5,11921,50,0.62,SolderdanLaptop
226.7,0.61,84.5,11921,50,0.61,SolderdanLaptop
226.7,0.61,84.5,11921,50,0.61,SolderdanLaptop
226.7,0.61,84.5,11921,50,0.61,SolderdanLaptop
226.7,0.61,84.5,11921,50,0.61,SolderdanLaptop
226.7,0.61,84.5,11921,50,0.61,SolderdanLaptop
226.7,0.61,84.5,11921,50,0.61,SolderdanLaptop
226.7,0.61,84.5,11921,50,0.61,SolderdanLaptop
226.7,0.61,84.5,11921,50,0.61,SolderdanLaptop
226.7,0.61,84.5,11921,50,0.61,SolderdanLaptop
226.7,0.61,84.5,11921,50,0.61,SolderdanLaptop
226.6,0.607,83.7,11921,50,0.61,SolderdanLaptop
226.6,0.607,83.7,11921,50,0.61,SolderdanLaptop
226.6,0.607,83.7,11921,50,0.61,SolderdanLaptop
226.6,0.607,83.7,11921,50,0.61,SolderdanLaptop
226.6,0.607,83.7,11921,50,0.61,SolderdanLaptop
226.6,0.607,83.7,11921,50,0.61,SolderdanLaptop
226.6,0.607,83.7,11921,50,0.61,SolderdanLaptop
226.6,0.607,83.7,11921,50,0.61,SolderdanLaptop
226.6,0.607,83.7,11921,50,0.61,SolderdanLaptop
226.6,0.607,83.7,11922,50,0.61,SolderdanLaptop
226.7,0.59,81.1,11922,50,0.61,SolderdanLaptop
226.7,0.59,81.1,11922,50,0.61,SolderdanLaptop
226.7,0.59,81.1,11922,50,0.61,SolderdanLaptop
226.7,0.59,81.1,11922,50,0.61,SolderdanLaptop
226.7,0.59,81.1,11922,50,0.61,SolderdanLaptop
226.7,0.59,81.1,11922,50,0.61,SolderdanLaptop
226.7,0.59,81.1,11922,50,0.61,SolderdanLaptop
226.7,0.59,81.1,11922,50,0.61,SolderdanLaptop
226.7,0.59,81.1,11922,50,0.61,SolderdanLaptop
226.7,0.59,81.1,11922,50,0.61,SolderdanLaptop
226.6,0.575,79.2,11922,50,0.61,SolderdanLaptop
226.6,0.575,79.2,11922,50,0.61,SolderdanLaptop
226.6,0.575,79.2,11922,50,0.61,SolderdanLaptop
226.6,0.575,79.2,11922,50,0.61,SolderdanLaptop
226.6,0.575,79.2,11922,50,0.61,SolderdanLaptop
226.6,0.575,79.2,11922,50,0.61,SolderdanLaptop
226.6,0.575,79.2,11922,50,0.61,SolderdanLaptop
226.6,0.575,79.2,11922,50,0.61,SolderdanLaptop
226.6,0.575,79.2,11922,50,0.61,SolderdanLaptop
226.6,0.575,79.2,11922,50,0.61,SolderdanLaptop
226.6,0.606,83.4,11922,50,0.61,SolderdanLaptop
226.6,0.606,83.4,11922,50,0.61,SolderdanLaptop
226.6,0.606,83.4,11922,50,0.61,SolderdanLaptop
226.6,0.606,83.4,11922,50,0.61,SolderdanLaptop
226.6,0.606,83.4,11922,50,0.61,SolderdanLaptop
226.6,0.606,83.4,11922,50,0.61,SolderdanLaptop
226.6,0.606,83.4,11922,50,0.61,SolderdanLaptop
226.6,0.606,83.4,11922,50,0.61,SolderdanLaptop
226.6,0.606,83.4,11922,50,0.61,SolderdanLaptop
226.6,0.606,83.4,11922,50,0.61,SolderdanLaptop
226.6,0.606,83.4,11922,50,0.61,SolderdanLaptop
226.6,0.606,83.4,11922,50,0.61,SolderdanLaptop
226.5,0.603,83.8,11922,50,0.61,SolderdanLaptop
226.5,0.603,83.8,11922,50,0.61,SolderdanLaptop
226.5,0.603,83.8,11922,50,0.61,SolderdanLaptop
226.5,0.603,83.8,11922,50,0.61,SolderdanLaptop
226.5,0.603,83.8,11922,50,0.61,SolderdanLaptop
226.5,0.603,83.8,11922,50,0.61,SolderdanLaptop
226.5,0.603,83.8,11922,50,0.61,SolderdanLaptop
226.5,0.603,83.8,11922,50,0.61,SolderdanLaptop
226.5,0.603,83.8,11922,50,0.61,SolderdanLaptop
226.5,0.603,83.8,11922,50,0.61,SolderdanLaptop
226.6,0.591,81.6,11922,50,0.61,SolderdanLaptop
226.6,0.591,81.6,11922,50,0.61,SolderdanLaptop
226.6,0.591,81.6,11922,50,0.61,SolderdanLaptop
226.6,0.591,81.6,11922,50,0.61,SolderdanLaptop
226.6,0.591,81.6,11922,50,0.61,SolderdanLaptop
226.6,0.591,81.6,11922,50,0.61,SolderdanLaptop
226.6,0.591,81.6,11922,50,0.61,SolderdanLaptop
226.6,0.591,81.6,11922,50,0.61,SolderdanLaptop
226.6,0.591,81.6,11922,50,0.61,SolderdanLaptop
226.6,0.591,81.6,11922,50,0.61,SolderdanLaptop
226.5,0.598,82.7,11922,50,0.61,SolderdanLaptop
226.5,0.598,82.7,11922,50,0.61,SolderdanLaptop
226.5,0.598,82.7,11922,50,0.61,SolderdanLaptop
226.5,0.598,82.7,11922,50,0.61,SolderdanLaptop
226.5,0.598,82.7,11922,50,0.61,SolderdanLaptop
226.5,0.598,82.7,11922,50,0.61,SolderdanLaptop
226.5,0.598,82.7,11922,50,0.61,SolderdanLaptop
226.5,0.598,82.7,11922,50,0.61,SolderdanLaptop
226.5,0.598,82.7,11922,50,0.61,SolderdanLaptop
226.5,0.598,82.7,11922,50,0.61,SolderdanLaptop
226.5,0.59,81.6,11922,50,0.61,SolderdanLaptop
226.5,0.59,81.6,11922,50,0.61,SolderdanLaptop
226.5,0.59,81.6,11922,50,0.61,SolderdanLaptop
226.5,0.59,81.6,11922,50,0.61,SolderdanLaptop
226.5,0.59,81.6,11922,50,0.61,SolderdanLaptop
226.5,0.59,81.6,11922,50,0.61,SolderdanLaptop
226.5,0.59,81.6,11922,50,0.61,SolderdanLaptop
226.5,0.59,81.6,11922,50,0.61,SolderdanLaptop
226.5,0.59,81.6,11922,50,0.61,SolderdanLaptop
226.5,0.59,81.6,11922,50,0.61,SolderdanLaptop
226.5,0.59,81.6,11922,50,0.61,SolderdanLaptop
226.5,0.59,81.6,11922,50,0.61,SolderdanLaptop
226.8,0.585,80.7,11922,50,0.61,SolderdanLaptop
226.8,0.585,80.7,11922,50,0.61,SolderdanLaptop
226.8,0.585,80.7,11922,50,0.61,SolderdanLaptop
226.8,0.585,80.7,11922,49.9,0.61,SolderdanLaptop
226.8,0.585,80.7,11922,49.9,0.61,SolderdanLaptop
226.8,0.585,80.7,11922,49.9,0.61,SolderdanLaptop
226.8,0.585,80.7,11922,50,0.61,SolderdanLaptop
226.8,0.585,80.7,11922,50,0.61,SolderdanLaptop
226.8,0.585,80.7,11922,50,0.61,SolderdanLaptop
226.8,0.585,80.7,11922,50,0.61,SolderdanLaptop
226.9,0.599,82.7,11922,50,0.61,SolderdanLaptop
226.9,0.599,82.7,11922,50,0.61,SolderdanLaptop
226.9,0.599,82.7,11922,50,0.61,SolderdanLaptop
226.9,0.599,82.7,11922,50,0.61,SolderdanLaptop
226.9,0.599,82.7,11922,50,0.61,SolderdanLaptop
226.9,0.599,82.7,11922,50,0.61,SolderdanLaptop
226.9,0.599,82.7,11922,50,0.61,SolderdanLaptop
226.9,0.599,82.7,11922,50,0.61,SolderdanLaptop
226.9,0.599,82.7,11922,50,0.61,SolderdanLaptop
226.9,0.599,82.7,11922,50,0.61,SolderdanLaptop
226.8,0.59,82.3,11922,50,0.62,SolderdanLaptop
226.8,0.59,82.3,11922,50,0.62,SolderdanLaptop
226.8,0.59,82.3,11922,50,0.62,SolderdanLaptop
226.8,0.59,82.3,11922,50,0.62,SolderdanLaptop
226.8,0.59,82.3,11922,50,0.62,SolderdanLaptop
226.8,0.59,82.3,11922,50,0.62,SolderdanLaptop
226.8,0.59,82.3,11922,50,0.62,SolderdanLaptop
226.8,0.59,82.3,11922,50,0.62,SolderdanLaptop
226.8,0.59,82.3,11922,50,0.62,SolderdanLaptop
226.8,0.59,82.3,11922,50,0.62,SolderdanLaptop
226.8,0.613,84.7,11922,49.9,0.61,SolderdanLaptop
226.8,0.613,84.7,11922,49.9,0.61,SolderdanLaptop
226.8,0.613,84.7,11922,49.9,0.61,SolderdanLaptop
226.8,0.613,84.7,11922,50,0.61,SolderdanLaptop
226.8,0.613,84.7,11922,50,0.61,SolderdanLaptop
226.8,0.613,84.7,11922,50,0.61,SolderdanLaptop
226.8,0.613,84.7,11922,50,0.61,SolderdanLaptop
226.8,0.613,84.7,11922,50,0.61,SolderdanLaptop
226.8,0.613,84.7,11922,50,0.61,SolderdanLaptop
226.8,0.613,84.7,11922,49.9,0.61,SolderdanLaptop
226.8,0.613,84.7,11922,49.9,0.61,SolderdanLaptop
226.9,0.62,85.3,11922,49.9,0.61,SolderdanLaptop
226.9,0.62,85.3,11922,49.9,0.61,SolderdanLaptop
226.9,0.62,85.3,11922,50,0.61,SolderdanLaptop
226.9,0.62,85.3,11922,50,0.61,SolderdanLaptop
226.9,0.62,85.3,11922,50,0.61,SolderdanLaptop
226.9,0.62,85.3,11922,50,0.61,SolderdanLaptop
226.9,0.62,85.3,11922,50,0.61,SolderdanLaptop
226.9,0.62,85.3,11922,49.9,0.61,SolderdanLaptop
226.9,0.62,85.3,11922,49.9,0.61,SolderdanLaptop
226.9,0.62,85.3,11922,49.9,0.61,SolderdanLaptop
226.9,0.631,87.9,11922,50,0.61,SolderdanLaptop
226.9,0.631,87.9,11922,50,0.61,SolderdanLaptop
226.9,0.631,87.9,11922,50,0.61,SolderdanLaptop
226.9,0.631,87.9,11922,50,0.61,SolderdanLaptop
226.9,0.631,87.9,11922,50,0.61,SolderdanLaptop
226.9,0.631,87.9,11922,50,0.61,SolderdanLaptop
226.9,0.631,87.9,11922,50,0.61,SolderdanLaptop
226.9,0.631,87.9,11922,50,0.61,SolderdanLaptop
226.9,0.631,87.9,11922,49.9,0.61,SolderdanLaptop
226.9,0.631,87.9,11922,49.9,0.61,SolderdanLaptop
227,0.633,87.7,11922,50,0.61,SolderdanLaptop
227,0.633,87.7,11922,50,0.61,SolderdanLaptop
227,0.633,87.7,11922,50,0.61,SolderdanLaptop
227,0.633,87.7,11922,50,0.61,SolderdanLaptop
227,0.633,87.7,11922,50,0.61,SolderdanLaptop
227,0.633,87.7,11922,50,0.61,SolderdanLaptop
227,0.633,87.7,11922,50,0.61,SolderdanLaptop
227,0.633,87.7,11922,49.9,0.61,SolderdanLaptop
227,0.633,87.7,11922,50,0.61,SolderdanLaptop
227,0.633,87.7,11922,50,0.61,SolderdanLaptop
227.1,0.596,82.7,11922,50,0.61,SolderdanLaptop
227.1,0.596,82.7,11922,50,0.61,SolderdanLaptop
227.1,0.596,82.7,11922,50,0.61,SolderdanLaptop
227.1,0.596,82.7,11922,50,0.61,SolderdanLaptop
227.1,0.596,82.7,11922,50,0.61,SolderdanLaptop
227.1,0.596,82.7,11922,50,0.61,SolderdanLaptop
227.1,0.596,82.7,11922,50,0.61,SolderdanLaptop
227.1,0.596,82.7,11922,50,0.61,SolderdanLaptop
227.1,0.596,82.7,11922,50,0.61,SolderdanLaptop
227.1,0.596,82.7,11922,50,0.61,SolderdanLaptop
227.2,0.615,85.4,11922,49.9,0.61,SolderdanLaptop
227.2,0.615,85.4,11922,49.9,0.61,SolderdanLaptop
227.2,0.615,85.4,11922,50,0.61,SolderdanLaptop
227.2,0.615,85.4,11922,50,0.61,SolderdanLaptop
227.2,0.615,85.4,11922,50,0.61,SolderdanLaptop
227.2,0.615,85.4,11922,50,0.61,SolderdanLaptop
227.2,0.615,85.4,11922,50,0.61,SolderdanLaptop
227.2,0.615,85.4,11922,50,0.61,SolderdanLaptop
227.2,0.615,85.4,11922,50,0.61,SolderdanLaptop
227.2,0.615,85.4,11922,50,0.61,SolderdanLaptop
227.2,0.615,85.4,11922,50,0.61,SolderdanLaptop
227.2,0.615,85.4,11922,50,0.61,SolderdanLaptop
227.1,0.593,81.6,11922,50,0.61,SolderdanLaptop
227.1,0.593,81.6,11922,50,0.61,SolderdanLaptop
227.1,0.593,81.6,11922,50,0.61,SolderdanLaptop
227.1,0.593,81.6,11922,50,0.61,SolderdanLaptop
227.1,0.593,81.6,11922,50,0.61,SolderdanLaptop
227.1,0.593,81.6,11922,50,0.61,SolderdanLaptop
227.1,0.593,81.6,11922,50,0.61,SolderdanLaptop
227.1,0.593,81.6,11922,50,0.61,SolderdanLaptop
227.1,0.593,81.6,11922,50,0.61,SolderdanLaptop
227.1,0.593,81.6,11922,50,0.61,SolderdanLaptop
227.2,0.61,84.4,11922,50,0.61,SolderdanLaptop
227.2,0.61,84.4,11922,49.9,0.61,SolderdanLaptop
227.2,0.61,84.4,11922,49.9,0.61,SolderdanLaptop
227.2,0.61,84.4,11922,49.9,0.61,SolderdanLaptop
227.2,0.61,84.4,11922,49.9,0.61,SolderdanLaptop
227.2,0.61,84.4,11922,50,0.61,SolderdanLaptop
227.2,0.61,84.4,11922,50,0.61,SolderdanLaptop
227.2,0.61,84.4,11922,50,0.61,SolderdanLaptop
227.2,0.61,84.4,11922,50,0.61,SolderdanLaptop
227.2,0.61,84.4,11922,50,0.61,SolderdanLaptop
227.2,0.614,84.8,11922,50,0.61,SolderdanLaptop
227.2,0.614,84.8,11922,50,0.61,SolderdanLaptop
227.2,0.614,84.8,11922,50,0.61,SolderdanLaptop
227.2,0.614,84.8,11922,50,0.61,SolderdanLaptop
227.2,0.614,84.8,11922,50,0.61,SolderdanLaptop
227.2,0.614,84.8,11922,50,0.61,SolderdanLaptop
227.2,0.614,84.8,11922,50,0.61,SolderdanLaptop
227.2,0.614,84.8,11922,50,0.61,SolderdanLaptop
227.2,0.614,84.8,11922,50,0.61,SolderdanLaptop
227.1,0.606,84.1,11922,50,0.61,SolderdanLaptop
227.1,0.606,84.1,11922,50,0.61,SolderdanLaptop
227.1,0.606,84.1,11922,50,0.61,SolderdanLaptop
227.1,0.606,84.1,11922,50,0.61,SolderdanLaptop
227.1,0.606,84.1,11922,50,0.61,SolderdanLaptop
227.1,0.606,84.1,11922,50,0.61,SolderdanLaptop
227.1,0.606,84.1,11922,50,0.61,SolderdanLaptop
227.1,0.606,84.1,11922,50,0.61,SolderdanLaptop
227.1,0.606,84.1,11922,50,0.61,SolderdanLaptop
227.1,0.606,84.1,11922,50,0.61,SolderdanLaptop
227.1,0.606,84.1,11922,50,0.61,SolderdanLaptop
227.1,0.606,84.1,11922,50,0.61,SolderdanLaptop
227.1,0.615,85.3,11922,50,0.61,SolderdanLaptop
227.1,0.615,85.3,11922,50,0.61,SolderdanLaptop
227.1,0.615,85.3,11922,50,0.61,SolderdanLaptop
227.1,0.615,85.3,11922,50,0.61,SolderdanLaptop
227.1,0.615,85.3,11922,50,0.61,SolderdanLaptop
227.1,0.615,85.3,11922,50,0.61,SolderdanLaptop
227.1,0.615,85.3,11922,50,0.61,SolderdanLaptop
227.1,0.615,85.3,11922,50,0.61,SolderdanLaptop
227.1,0.615,85.3,11922,50,0.61,SolderdanLaptop
227.1,0.615,85.3,11922,50,0.61,SolderdanLaptop
226.8,0.635,87.9,11922,50,0.61,SolderdanLaptop
226.8,0.635,87.9,11922,50,0.61,SolderdanLaptop
226.8,0.635,87.9,11922,50,0.61,SolderdanLaptop
226.8,0.635,87.9,11922,50,0.61,SolderdanLaptop
226.8,0.635,87.9,11922,50,0.61,SolderdanLaptop
226.8,0.635,87.9,11922,50,0.61,SolderdanLaptop
226.8,0.635,87.9,11922,50,0.61,SolderdanLaptop
226.8,0.635,87.9,11922,50,0.61,SolderdanLaptop
226.8,0.635,87.9,11922,50,0.61,SolderdanLaptop
226.8,0.635,87.9,11922,50,0.61,SolderdanLaptop
226.9,0.628,87.2,11922,50,0.61,SolderdanLaptop
226.9,0.628,87.2,11922,50,0.61,SolderdanLaptop
226.9,0.628,87.2,11922,50,0.61,SolderdanLaptop
226.9,0.628,87.2,11922,50,0.61,SolderdanLaptop
226.9,0.628,87.2,11922,50,0.61,SolderdanLaptop
226.9,0.628,87.2,11922,50,0.61,SolderdanLaptop
226.9,0.628,87.2,11922,50,0.61,SolderdanLaptop
226.9,0.628,87.2,11922,50,0.61,SolderdanLaptop
226.9,0.628,87.2,11922,50,0.61,SolderdanLaptop
226.9,0.628,87.2,11922,50,0.61,SolderdanLaptop
226.9,0.625,86.5,11922,50,0.61,SolderdanLaptop
226.9,0.625,86.5,11922,50,0.61,SolderdanLaptop
226.9,0.625,86.5,11922,50,0.61,SolderdanLaptop
226.9,0.625,86.5,11922,50,0.61,SolderdanLaptop
226.9,0.625,86.5,11922,50,0.61,SolderdanLaptop
226.9,0.625,86.5,11922,50,0.61,SolderdanLaptop
226.9,0.625,86.5,11922,50,0.61,SolderdanLaptop
226.9,0.625,86.5,11922,50,0.61,SolderdanLaptop
226.9,0.625,86.5,11922,50,0.61,SolderdanLaptop
226.9,0.625,86.5,11922,50,0.61,SolderdanLaptop
226.9,0.625,86.5,11922,50,0.61,SolderdanLaptop
226.9,0.625,86.5,11922,50,0.61,SolderdanLaptop
226.8,0.627,86.6,11922,50,0.61,SolderdanLaptop
226.8,0.627,86.6,11922,50,0.61,SolderdanLaptop
226.8,0.627,86.6,11922,50,0.61,SolderdanLaptop
226.8,0.627,86.6,11922,50,0.61,SolderdanLaptop
226.8,0.627,86.6,11922,50,0.61,SolderdanLaptop
226.8,0.627,86.6,11922,50,0.61,SolderdanLaptop
226.8,0.627,86.6,11922,50,0.61,SolderdanLaptop
226.8,0.627,86.6,11922,50,0.61,SolderdanLaptop
226.8,0.627,86.6,11922,50,0.61,SolderdanLaptop
226.8,0.627,86.6,11922,50,0.61,SolderdanLaptop
227.1,0.629,87.2,11922,50,0.61,SolderdanLaptop
227.1,0.629,87.2,11922,50,0.61,SolderdanLaptop
227.1,0.629,87.2,11922,50,0.61,SolderdanLaptop
227.1,0.629,87.2,11922,50,0.61,SolderdanLaptop
227.1,0.629,87.2,11922,50,0.61,SolderdanLaptop
227.1,0.629,87.2,11922,50,0.61,SolderdanLaptop
227.1,0.629,87.2,11922,50,0.61,SolderdanLaptop
227.1,0.629,87.2,11922,50,0.61,SolderdanLaptop
227.1,0.629,87.2,11922,50,0.61,SolderdanLaptop
227.1,0.629,87.2,11922,50,0.61,SolderdanLaptop
226.9,0.621,85.9,11922,50,0.61,SolderdanLaptop
226.9,0.621,85.9,11922,50,0.61,SolderdanLaptop
226.9,0.621,85.9,11922,50,0.61,SolderdanLaptop
226.9,0.621,85.9,11922,50,0.61,SolderdanLaptop
226.9,0.621,85.9,11922,50,0.61,SolderdanLaptop
226.9,0.621,85.9,11922,50,0.61,SolderdanLaptop
226.9,0.621,85.9,11922,50,0.61,SolderdanLaptop
226.9,0.621,85.9,11922,50,0.61,SolderdanLaptop
226.9,0.621,85.9,11922,50,0.61,SolderdanLaptop
227.1,0.64,88.3,11922,50,0.61,SolderdanLaptop
227.1,0.64,88.3,11922,50,0.61,SolderdanLaptop
227.1,0.64,88.3,11922,50,0.61,SolderdanLaptop
227.1,0.64,88.3,11922,50,0.61,SolderdanLaptop
227.1,0.64,88.3,11922,50,0.61,SolderdanLaptop
227.1,0.64,88.3,11922,50,0.61,SolderdanLaptop
227.1,0.64,88.3,11922,50,0.61,SolderdanLaptop
227.1,0.64,88.3,11922,50,0.61,SolderdanLaptop
227.1,0.64,88.3,11922,50,0.61,SolderdanLaptop
227.1,0.64,88.3,11922,50,0.61,SolderdanLaptop
227.1,0.64,87.9,11922,50,0.6,SolderdanLaptop
227.1,0.64,87.9,11922,50,0.6,SolderdanLaptop
227.2,0.634,87.9,11922,50,0.61,SolderdanLaptop
227.2,0.634,87.9,11922,50,0.61,SolderdanLaptop
227.2,0.634,87.9,11922,50,0.61,SolderdanLaptop
227.2,0.634,87.9,11922,50,0.61,SolderdanLaptop
227.2,0.634,87.9,11922,50,0.61,SolderdanLaptop
227.2,0.634,87.9,11922,50,0.61,SolderdanLaptop
227.2,0.634,87.9,11922,50,0.61,SolderdanLaptop
227.2,0.634,87.9,11922,50,0.61,SolderdanLaptop
227.2,0.634,87.9,11922,50,0.61,SolderdanLaptop
227.2,0.634,87.9,11922,50,0.61,SolderdanLaptop
227.1,0.63,87.4,11922,50,0.61,SolderdanLaptop
227.1,0.63,87.4,11922,50,0.61,SolderdanLaptop
227.1,0.63,87.4,11922,50,0.61,SolderdanLaptop
227.1,0.63,87.4,11922,50,0.61,SolderdanLaptop
227.1,0.63,87.4,11922,50,0.61,SolderdanLaptop
227.1,0.63,87.4,11922,50,0.61,SolderdanLaptop
227.1,0.63,87.4,11922,50,0.61,SolderdanLaptop
227.1,0.63,87.4,11922,50,0.61,SolderdanLaptop
227.1,0.63,87.4,11922,50,0.61,SolderdanLaptop
227.1,0.63,87.4,11922,50,0.61,SolderdanLaptop
227.1,0.636,87.6,11922,50,0.61,SolderdanLaptop
227.1,0.636,87.6,11922,50,0.61,SolderdanLaptop
227.1,0.636,87.6,11922,50,0.61,SolderdanLaptop
227.1,0.636,87.6,11922,50,0.61,SolderdanLaptop
227.1,0.636,87.6,11922,50,0.61,SolderdanLaptop
227.1,0.636,87.6,11922,50,0.61,SolderdanLaptop
227.1,0.636,87.6,11922,50,0.61,SolderdanLaptop
227.1,0.636,87.6,11922,50,0.61,SolderdanLaptop
227.1,0.636,87.6,11922,50,0.61,SolderdanLaptop
227.1,0.636,87.6,11922,50,0.61,SolderdanLaptop
227,0.634,87.5,11922,50,0.61,SolderdanLaptop
227,0.634,87.5,11922,50,0.61,SolderdanLaptop
227,0.634,87.5,11922,50,0.61,SolderdanLaptop
227,0.634,87.5,11922,50,0.61,SolderdanLaptop
227,0.634,87.5,11922,50,0.61,SolderdanLaptop
227,0.634,87.5,11922,50,0.61,SolderdanLaptop
227,0.634,87.5,11922,50,0.61,SolderdanLaptop
227,0.634,87.5,11922,50,0.61,SolderdanLaptop
227,0.634,87.5,11922,50,0.61,SolderdanLaptop
227,0.634,87.5,11922,50,0.61,SolderdanLaptop
226.9,0.648,89.4,11922,50,0.61,SolderdanLaptop
226.9,0.648,89.4,11922,50,0.61,SolderdanLaptop
226.9,0.648,89.4,11922,50,0.61,SolderdanLaptop
226.9,0.648,89.4,11922,50,0.61,SolderdanLaptop
226.9,0.648,89.4,11922,50,0.61,SolderdanLaptop
226.9,0.648,89.4,11922,50,0.61,SolderdanLaptop
